,Day,Return
0,16,0.98492734
1,15,0.99966216
2,14,1.00189548
3,13,0.99959399
4,10,1.00115168
5,9,0.99440852
6,8,0.99517297
7,7,1.00046952
8,6,0.99886105
9,3,1.02009295
10,2,0.99747767
11,1,0.98054813
12,30,1.00214362
13,29,0.99176189
14,26,1.00702482
15,25,0.99959874
16,24,1.0087021
17,23,0.9871479
18,22,1.00073304
19,19,1.0004
20,18,1.00066711
21,17,0.99893376
22,16,1.00086707
23,15,1.0
24,12,1.00220588
25,11,0.9816273
26,10,1.00105097
27,9,0.99836055
28,8,1.0093328
29,5,0.99735939
30,4,1.00092507
31,3,1.00072737
32,2,1.00099285
33,1,0.99795231
34,29,1.00839273
35,28,0.9815626
36,27,0.99131506
37,26,0.99279326
38,25,1.00647626
39,22,0.99806089
40,21,0.99967692
41,20,1.00683105
42,19,1.00143332
43,18,1.00359618
44,15,1.0066478
45,14,0.98323842
46,13,1.0007772
47,12,1.00796449
48,11,0.99856584
49,8,1.02089711
50,7,0.99674959
51,6,0.99636484
52,5,1.00271721
53,4,0.9917187
54,1,0.97469571
55,28,0.99129993
56,27,0.98807806
57,26,1.00264234
58,25,0.99836694
59,22,1.00682982
60,21,0.98455887
61,20,1.00400075
62,19,1.01182796
63,18,1.00152033
64,15,1.01069211
65,14,1.00314708
66,13,0.99134089
67,12,1.00012736
68,11,0.9921031
69,8,1.00571828
70,7,1.004147
71,6,0.9890207
72,5,0.99880255
73,4,0.99761081
74,1,0.98985561
75,31,1.00012449
76,30,1.01407562
77,29,1.00488393
78,28,1.00120658
79,25,1.02800627
80,24,0.99726563
81,23,1.00136906
82,22,1.00445288
83,21,0.99550196
84,18,0.98808374
85,17,0.99563907
86,16,1.00089865
87,15,0.99635457
88,14,1.00243621
89,11,1.00212014
90,10,0.98844224
91,9,1.00600524
92,8,1.0004474
93,7,0.99675097
94,4,0.99752161
95,3,1.01378688
96,2,0.9996136
97,1,1.00361944
98,31,1.00598179
99,28,1.00925258
100,27,1.01356834
101,26,1.01807963
102,24,1.00984683
103,21,0.99058457
104,20,1.01116438
105,19,0.99726776
106,18,0.99761499
107,17,1.00775992
108,14,0.98698658
109,13,1.00074612
110,12,1.01263823
111,11,1.00220279
112,10,0.99316333
113,7,1.01043106
114,6,0.9980695
115,5,0.99834802
116,4,1.01015158
117,3,1.01460317
118,30,0.99056604
119,29,0.99895288
120,28,1.01272534
121,27,0.99200505
122,26,0.99873923
123,23,0.98516423
124,22,0.9996551
125,21,1.01228964
126,20,0.99313454
127,19,1.00034686
128,16,1.00874738
129,15,1.01125186
130,14,1.00906884
131,13,0.99893002
132,12,0.99032212
133,9,0.98073992
134,8,0.99046181
135,7,1.00233854
136,6,0.99269425
137,5,0.99328586
138,2,1.00067866
139,1,1.03410766
140,31,0.9841829
141,30,1.00089872
142,29,0.98361213
143,26,1.0045082
144,25,0.99700354
145,24,0.99640361
146,23,1.01194809
147,22,0.9950123
148,19,1.00411636
149,18,0.99712683
150,17,0.99665917
151,16,0.99802667
152,15,1.00643747
153,12,1.00006849
154,11,1.02104895
155,10,0.99395287
156,9,1.0010437
157,8,0.98182812
158,5,1.00308367
159,4,0.99713017
160,3,0.99673091
161,2,1.01366931
162,1,0.98893971
163,28,1.02822043
164,27,0.99413776
165,26,0.990598
166,25,1.01451817
167,24,0.9978305
168,21,0.9978352
169,20,1.00540616
170,19,1.00643019
171,18,0.99858877
172,17,1.00803756
173,14,0.99097766
174,13,0.99543924
175,12,1.00742207
176,11,0.99781351
177,10,1.00035278
178,7,1.00148389
179,6,0.99732206
180,5,1.00211864
181,4,0.97661908
182,3,0.99731738
183,31,0.99938132
184,30,0.98556911
185,29,1.00312627
186,28,0.98771565
187,27,1.0053992
188,24,1.02214404
189,23,0.98257981
190,22,0.99709381
191,21,1.00230321
192,20,0.99770208
193,17,1.00996587
194,16,1.01447268
195,15,0.95870676
196,14,1.00426695
197,13,0.97911091
198,10,0.99203471
199,9,1.00103721
200,8,1.00318658
201,7,1.00549271
202,6,0.99214999
203,3,1.00699027
204,2,0.99434845
205,1,0.99168975
206,31,1.00219511
207,30,0.99922586
208,27,1.00701618
209,26,0.98584604
210,25,1.00943884
211,24,1.00546022
212,23,0.99162047
213,20,1.0131261
214,19,0.98425247
215,18,0.99910095
216,17,0.98594403
217,16,0.99879846
218,13,0.99153499
219,12,1.00904777
220,11,0.98357085
221,10,0.997455
222,9,1.00348823
223,6,1.00056092
224,5,0.99794751
225,4,1.00355783
226,3,1.01098
227,2,0.98459149
228,29,1.00543478
229,28,0.99707256
230,27,0.98587657
231,26,0.99724434
232,25,0.99258449
233,22,1.00808824
234,21,1.00227231
235,20,0.99852824
236,19,0.98938236
237,18,0.99510958
238,15,0.96408615
239,14,1.00827513
240,13,1.0107967
241,12,0.99562932
242,11,1.00893868
243,8,1.00454954
244,7,1.00191927
245,6,1.01097502
246,5,1.00469083
247,4,1.00073157
248,1,0.99914723
249,31,0.9941864
250,30,1.0073202
251,29,0.99369582
252,28,1.0
253,25,0.98974082
254,24,1.01282129
255,23,0.99462106
256,22,1.00187708
257,21,1.00431768
258,18,1.00066938
259,17,1.00305194
260,16,1.007131
261,15,0.98522197
262,14,0.99105642
263,11,0.99676918
264,10,1.01346107
265,9,1.00066744
266,8,0.99981801
267,7,0.99763965
268,4,1.00517095
269,3,1.00372474
270,2,1.01280148
271,1,0.99020208
272,30,0.9881997
273,27,1.00006052
274,26,0.99788635
275,25,0.98989718
276,24,1.00480538
277,23,0.97191897
278,20,0.99252521
279,19,1.00348878
280,18,1.02491061
281,17,1.0065383
282,16,1.00084049
283,13,1.0116611
284,12,0.98711031
285,11,1.0066385
286,10,1.00460774
287,9,1.00720567
288,6,0.99896297
289,5,1.00416539
290,4,0.99427493
291,3,0.98903681
292,2,1.01460702
293,29,1.00380368
294,28,0.98698153
295,27,0.98862616
296,26,1.00832981
297,23,1.01086094
298,22,0.98901696
299,21,1.02264873
300,20,0.99246647
301,19,0.99975507
302,16,0.99579268
303,15,0.99111621
304,14,0.99722775
305,13,1.00235593
306,12,0.99722892
307,9,1.00496428
308,8,1.00109091
309,7,0.98495702
310,6,1.01922609
311,5,0.99545757
312,2,1.00218513
313,1,1.00359405
314,28,0.99939121
315,27,0.9858952
316,26,1.0073156
317,23,0.99536619
318,22,1.00709091
319,21,1.00230835
320,20,0.98781878
321,19,0.99988
322,16,0.98808395
323,15,1.00089005
324,14,1.01689495
325,13,1.00120824
326,12,1.0127256
327,9,0.99549303
328,8,1.00250336
329,7,0.98313224
330,6,0.99539914
331,5,1.0080106
332,2,0.96360998
333,1,0.99394289
334,31,1.01190824
335,30,0.99825185
336,29,0.98569787
337,26,1.00606761
338,25,0.98564675
339,24,1.02991729
340,23,1.00193958
341,22,0.9992952
342,19,1.00460231
343,18,0.99688254
344,17,0.98866015
345,16,0.99100968
346,15,1.00649652
347,12,1.014416
348,11,1.00159123
349,10,0.99982323
350,9,0.99031336
351,8,0.99535343
352,5,0.99947753
353,4,1.00531077
354,3,0.99680047
355,2,1.01469807
356,29,1.00540059
357,28,1.01001019
358,27,1.00797535
359,26,1.01062466
360,22,1.01518721
361,21,0.997095
362,20,1.00229216
363,19,1.0
364,18,1.00585743
365,15,1.00937166
366,14,0.98917439
367,13,1.02219537
368,12,1.00070006
369,11,0.99141902
370,8,1.00846271
371,7,0.9845884
372,6,0.99124387
373,5,0.98597845
374,4,0.99324941
375,1,1.00030417
376,30,0.99419378
377,29,0.98089701
378,28,0.98838982
379,27,1.00088033
380,24,0.99649102
381,23,0.99702624
382,22,1.01078564
383,21,1.00277778
384,20,0.97758262
385,17,1.01328962
386,16,1.0051786
387,15,0.99812041
388,14,0.99847516
389,13,1.00893491
390,10,0.99429311
391,9,0.99747653
392,8,1.00536905
393,7,0.98386254
394,6,1.02273807
395,3,0.98399346
396,2,0.9991245
397,1,1.02463967
398,31,0.99204984
399,30,0.99976274
400,27,1.00404979
401,26,0.99015214
402,25,1.00041295
403,24,0.99180855
404,23,1.00299296
405,20,0.98725377
406,19,1.01511498
407,18,0.99794577
408,17,0.98891404
409,16,0.98983109
410,13,1.00974591
411,12,1.00390193
412,11,1.00315476
413,10,1.00925708
414,9,1.00814361
415,6,1.01325062
416,5,1.00042179
417,4,0.99759558
418,3,1.0028332
419,2,0.99615685
420,29,0.98666904
421,28,1.00692042
422,27,0.99625557
423,26,0.97996389
424,25,1.01023831
425,22,1.00141418
426,21,0.98910129
427,20,0.99104719
428,19,1.00621876
429,18,0.97766919
430,15,0.98920803
431,14,1.0010691
432,13,0.99296011
433,12,1.00578814
434,11,0.99048202
435,8,0.99073563
436,7,1.01460303
437,6,0.9985474
438,5,1.00011175
439,4,1.00976078
440,1,1.00842057
441,31,1.00889731
442,30,1.00143711
443,29,0.99730551
444,28,1.02191107
445,25,1.0055968
446,24,0.99280576
447,23,1.00606096
448,22,0.99864841
449,21,1.00105889
450,18,0.99782813
451,17,0.99433841
452,16,1.02993688
453,15,0.9745167
454,14,0.99696297
455,11,0.9996497
456,10,1.01050147
457,9,1.0303325
458,8,1.01075203
459,7,1.00073783
460,4,0.9757034
461,3,1.00524665
462,2,0.99186506
463,1,0.99346328
464,31,1.00633895
465,28,1.00886878
466,27,0.9956749
467,26,1.00866457
468,25,1.0009704
469,24,0.99848604
470,21,1.01102063
471,20,1.00288591
472,19,0.99981583
473,18,1.01142502
474,17,1.00763311
475,14,1.01718322
476,13,0.98681153
477,12,1.00428887
478,11,1.01206434
479,10,1.00506833
480,7,0.97254633
481,6,0.99614644
482,5,1.00093318
483,4,0.9970227
484,3,0.96986104
485,30,0.99975943
486,29,0.9897613
487,28,1.00785937
488,27,1.00470163
489,26,0.99180965
490,23,1.01038961
491,22,1.00601604
492,21,0.99927131
493,20,0.9981211
494,19,0.98820077
495,16,0.99701421
496,15,0.99118082
497,14,1.00368324
498,13,0.99245328
499,12,0.98587538
500,9,0.9866942
501,8,0.99175246
502,7,0.99305242
503,6,1.0088899
504,5,1.00034204
505,2,1.01475097
506,1,0.99780664
507,31,0.99574688
508,30,0.99959784
509,29,1.00374834
510,26,1.01084232
511,25,0.99587832
512,24,1.00943452
513,23,0.99463776
514,22,1.01743462
515,19,1.0171301
516,18,0.98106397
517,17,1.00255102
518,16,1.01346801
519,15,1.00989738
520,12,1.00777139
521,11,1.00876543
522,10,1.00055586
523,9,0.99710555
524,8,0.9938793
525,5,1.00079632
526,4,0.99095544
527,3,0.97826603
528,2,0.99928792
529,1,0.9786295
530,28,0.9976247
531,27,0.9862865
532,26,0.99460105
533,25,0.98093433
534,24,1.00005575
535,21,0.99440071
536,20,0.9938292
537,19,0.9916949
538,18,0.99375577
539,17,0.99331212
540,14,1.0
541,13,1.00221622
542,12,1.0091643
543,11,1.02133824
544,10,0.99677903
545,7,0.9859286
546,6,0.99759668
547,5,0.99972697
548,4,1.00295745
549,3,0.99994524
550,31,1.00772627
551,30,0.99303995
552,29,1.0032439
553,28,1.00436247
554,27,1.01930654
555,24,1.01017797
556,23,1.00262243
557,22,1.00005701
558,21,1.00642644
559,20,1.00132146
560,17,1.0048496
561,16,0.99873148
562,15,1.02779424
563,14,0.99416721
564,13,0.996185
565,10,1.00501386
566,9,0.98369502
567,8,0.98536306
568,7,0.98330241
569,6,0.98987145
570,3,1.01091421
571,2,0.96529814
572,1,1.00567996
573,28,1.00246373
574,27,0.99423004
575,24,1.00995052
576,23,1.00904199
577,22,1.00283712
578,21,0.99518352
579,20,1.00383461
580,17,0.99452827
581,16,1.00606094
582,15,1.00144782
583,14,1.00785722
584,13,0.99242509
585,10,1.01693571
586,9,0.99241147
587,8,1.0044605
588,7,0.99836528
589,6,1.01313535
590,3,1.00183087
591,2,0.99589744
592,1,0.99920292
593,31,1.02581474
594,30,0.99807636
595,27,1.02107017
596,26,0.98881761
597,25,0.99298697
598,24,0.99332405
599,23,1.00860706
600,20,1.00411547
601,19,0.997069
602,18,0.99220613
603,17,1.02308837
604,16,0.99934586
605,13,1.00232461
606,12,1.00250971
607,11,0.99690236
608,10,1.01376895
609,9,1.00424525
610,6,0.99415169
611,5,1.00986361
612,4,1.00810214
613,3,1.02266022
614,30,0.98582921
615,29,1.00911702
616,28,1.00275517
617,27,1.01461245
618,23,0.99312259
619,22,0.99460307
620,21,0.99036669
621,20,1.00782963
622,19,0.9875665
623,16,1.01157625
624,15,0.94938514
625,14,0.99585872
626,13,0.98957906
627,12,1.01005263
628,9,0.99103376
629,8,0.99579832
630,7,1.02530964
631,6,0.99796979
632,5,1.00059748
633,2,1.01682868
634,1,0.99679041
635,30,0.99338266
636,29,1.00126491
637,28,1.00465961
638,25,1.01144571
639,24,0.99664491
640,23,0.98273485
641,22,1.00518228
642,21,1.00054263
643,18,0.99478198
644,17,0.9808801
645,16,0.99461673
646,15,1.0089739
647,14,0.97585988
648,11,0.93237
649,10,1.00752287
650,9,1.00555102
651,8,1.01067048
652,7,0.98632887
653,4,1.00386668
654,3,0.99361472
655,2,1.00631671
656,1,1.02592179
657,31,1.00748579
658,28,1.00794236
659,27,0.99971642
660,26,0.99279279
661,25,1.00943503
662,24,1.00307868
663,21,0.99982899
664,20,0.99202669
665,19,1.00334752
666,18,1.00864141
667,17,1.00286961
668,14,0.99542962
669,13,1.00148758
670,12,1.0014898
671,11,0.9895668
672,10,1.00512937
673,7,1.01275613
674,6,0.97677172
675,5,0.99573345
676,4,0.94639252
677,3,0.98179542
678,30,1.00334956
679,29,0.99572672
680,28,1.00219356
681,27,0.98442159
682,26,0.98806198
683,23,0.99014134
684,22,1.00196553
685,21,1.0313962
686,20,1.00312858
687,19,1.0208666
688,16,0.98852873
689,15,1.00152833
690,14,1.00577759
691,13,0.98614814
692,12,1.00383041
693,9,0.97115777
694,8,0.9923641
695,7,0.98830526
696,6,1.0246313
697,5,1.0043201
698,2,1.03211423
699,1,1.00894387
700,31,1.00144811
701,30,0.98802395
702,29,1.01174137
703,26,1.00549865
704,25,0.99935352
705,24,0.98634359
706,23,0.99513511
707,22,0.97913431
708,19,0.97822123
709,18,1.00269158
710,17,0.99474615
711,16,0.99939415
712,15,1.00441176
713,12,0.98723404
714,11,0.99082341
715,10,1.01520798
716,9,1.00597771
717,8,1.00111573
718,5,0.96884827
719,4,0.99681638
720,3,0.98991515
721,2,1.00850814
722,1,1.00550666
723,29,1.0082788
724,28,0.99066889
725,27,1.03676171
726,26,1.00403865
727,25,0.99623122
728,22,0.9920675
729,21,1.01973311
730,20,0.97478781
731,19,0.99306733
732,18,0.99095537
733,15,0.99596357
734,14,0.99769178
735,13,1.00956914
736,12,0.99418347
737,11,1.0000986
738,8,1.03016607
739,7,0.97984674
740,6,1.00772239
741,5,0.98115621
742,4,1.02859312
743,1,1.05572474
744,30,1.02301049
745,29,1.02936874
746,28,1.0018601
747,27,1.00005637
748,24,1.02584861
749,23,1.00191194
750,22,0.99861143
751,21,0.98788294
752,20,1.0001715
753,17,1.01762653
754,16,0.98094042
755,15,1.00747384
756,14,0.99679083
757,13,1.00657591
758,10,1.0030666
759,9,1.01443916
760,8,1.0390949
761,7,0.99502367
762,6,1.00383795
763,3,1.02645073
764,2,1.0020678
765,1,0.9975622
766,31,1.00031264
767,30,0.985276
768,27,0.99448597
769,26,1.00024513
770,25,1.00591789
771,24,0.99023318
772,23,0.99128646
773,20,1.0023655
774,19,0.97544669
775,18,0.9799397
776,17,1.00577293
777,16,1.00216223
778,13,1.00747719
779,12,0.9750287
780,11,1.01740451
781,10,1.00575658
782,9,0.97408022
783,6,1.00813336
784,5,0.99787026
785,4,0.99690136
786,3,0.99338768
787,2,0.98324179
788,29,1.01600137
789,28,1.01838321
790,27,1.00448535
791,26,1.00958598
792,25,1.00223977
793,22,0.99770656
794,21,1.00247598
795,20,1.00147597
796,19,1.04394453
797,18,0.99926095
798,15,1.00495141
799,14,0.99623875
800,13,1.00166759
801,12,1.01663946
802,11,1.03671397
803,8,1.00860088
804,7,1.01061642
805,6,0.99537679
806,5,1.01447236
807,4,0.99156258
808,1,0.97499676
809,31,1.01438991
810,30,0.99069132
811,29,1.00800525
812,28,1.00203827
813,25,1.00131674
814,24,0.99567355
815,23,0.96052134
816,22,1.00290477
817,21,1.0019614
818,18,0.99327552
819,17,1.01856356
820,16,1.0222484
821,15,0.99563489
822,14,0.99083339
823,11,0.99250384
824,10,1.02039749
825,9,0.99609273
826,8,0.98184143
827,7,1.00760211
828,4,1.01937348
829,3,1.01791564
830,2,1.00842659
831,1,0.9952365
832,29,1.01325629
833,26,0.97070081
834,25,0.99409604
835,24,0.99633987
836,23,1.00790514
837,22,0.98879625
838,19,0.99688312
839,18,1.00752372
840,17,1.00394089
841,16,0.99347471
842,15,0.97276882
843,12,1.0
844,11,1.03135843
845,10,1.00196786
846,9,0.99549432
847,8,1.02127376
848,5,1.00867752
849,4,1.0126703
850,3,1.02621461
851,2,0.99686411
852,1,1.00617024
853,29,1.00049106
854,28,0.98405357
855,27,0.99869011
856,26,1.01896733
857,25,1.01425009
858,22,0.99602583
859,21,0.9951974
860,20,1.00955437
861,19,1.00465616
862,18,1.00258546
863,15,1.00548816
864,14,0.97865724
865,13,1.02632915
866,12,0.99437432
867,11,0.9946198
868,8,0.97468885
869,7,1.0207694
870,6,1.00221745
871,5,1.00720461
872,4,1.00267283
873,1,0.99949458
874,31,0.99690492
875,30,0.99555715
876,29,1.00143524
877,28,0.96979609
878,25,0.99923505
879,24,1.00475126
880,23,1.00294324
881,22,1.001755
882,21,1.01057037
883,18,1.02740525
884,17,0.96824277
885,16,1.02867514
886,15,1.00694444
887,14,0.98275862
888,11,0.98569608
889,10,0.99654223
890,9,0.99971781
891,8,0.99473684
892,7,0.97938144
893,4,1.03118356
894,3,1.00713776
895,2,0.98689772
896,1,1.00795229
897,30,0.99957417
898,27,0.98634932
899,26,1.00634026
900,25,0.9997887
901,24,1.00381787
902,23,0.99710962
903,20,0.99404345
904,19,1.00620505
905,18,0.99697715
906,17,0.99789548
907,16,0.99929898
908,13,0.99727349
909,12,0.99783746
910,11,0.9930036
911,10,0.99107511
912,9,0.98538763
913,6,0.9865848
914,5,0.99317248
915,4,0.98743291
916,3,0.99059846
917,2,0.9918328
918,30,0.99653935
919,29,0.97892095
920,28,1.00333606
921,27,1.00265068
922,26,1.00063151
923,23,0.99873857
924,22,1.00922979
925,21,0.98711907
926,20,1.00448119
927,19,0.98741119
928,16,0.99510078
929,15,0.99950412
930,14,1.01369777
931,13,1.00492518
932,12,0.99968438
933,9,1.00904459
934,8,0.97758406
935,7,1.01108033
936,6,1.01495208
937,5,1.02629681
938,2,1.04840151
939,1,1.00206683
940,30,0.99139403
941,29,1.00280822
942,28,0.9664394
943,25,0.99749092
944,24,1.0240027
945,23,1.0005412
946,22,0.9721802
947,21,1.0016469
948,18,1.00191407
949,17,1.01616365
950,16,1.03362218
951,15,0.99896122
952,14,0.988026
953,11,0.99489449
954,10,1.00458182
955,9,0.98890918
956,8,1.01894983
957,7,0.99567753
958,4,0.9904859
959,3,0.99959242
960,2,1.00725282
961,1,0.99897471
962,31,1.00226074
963,28,1.00773214
964,27,1.02403676
965,26,0.96276885
966,25,0.99471903
967,24,0.96409922
968,21,0.9844493
969,20,1.01606163
970,19,1.02840261
971,18,0.9708605
972,17,1.00524246
973,14,0.98834197
974,13,0.99324542
975,12,1.01171494
976,11,1.00780533
977,10,1.02853673
978,7,1.01036058
979,6,1.00506953
980,5,0.99945224
981,4,1.00516173
982,3,0.98315177
983,31,1.00189818
984,30,0.99554566
985,29,1.00857668
986,28,1.00892796
987,27,0.99142098
988,24,1.00081772
989,23,0.99155405
990,22,0.99757347
991,21,1.00938903
992,20,0.98763607
993,17,0.99081225
994,16,0.99424108
995,15,0.98224967
996,14,0.99129874
997,13,0.99595584
998,10,1.01241308
999,9,1.01725506
1000,8,1.00531703
1001,7,0.95712468
1002,6,1.00743399
1003,3,0.99572459
1004,2,1.00726314
1005,1,0.9907661
1006,30,0.99758592
1007,29,0.9974021
1008,26,0.99633838
1009,25,1.002976
1010,24,0.99690696
1011,23,0.97971552
1012,22,1.00678663
1013,19,0.99547539
1014,18,1.00329581
1015,17,1.00644636
1016,16,0.9945845
1017,15,1.00689439
1018,12,0.99737451
1019,11,0.9991256
1020,10,1.00319549
1021,9,0.99993735
1022,8,0.9919826
1023,5,0.99795323
1024,4,0.9786937
1025,3,0.98469815
1026,2,1.00083752
1027,1,0.99940213
1028,29,1.00257747
1029,28,1.00065979
1030,27,0.9979648
1031,26,0.97667349
1032,25,1.0018743
1033,22,0.99632353
1034,21,1.00222248
1035,20,1.00363935
1036,19,0.96237713
1037,18,1.01322191
1038,15,1.00454232
1039,14,1.02065728
1040,13,1.03122731
1041,12,1.01461378
1042,11,0.98960928
1043,8,1.00876548
1044,7,0.98914691
1045,6,0.99770129
1046,5,1.00854127
1047,4,1.01555143
1048,1,1.0
1049,30,0.97593421
1050,29,0.99422869
1051,28,1.01538274
1052,27,1.04224456
1053,24,0.99042218
1054,23,1.00557597
1055,22,0.98594365
1056,21,1.00313342
1057,20,0.98233194
1058,17,0.99784999
1059,16,0.99761
1060,15,1.00996472
1061,14,0.99342105
1062,13,0.98875312
1063,10,1.01725417
1064,9,0.97964377
1065,8,0.98010807
1066,7,0.99368657
1067,6,1.01157932
1068,2,0.98866989
1069,1,1.01832823
1070,31,0.99604956
1071,30,0.98729465
1072,27,0.99109758
1073,26,1.00796977
1074,25,0.99935103
1075,24,0.99923363
1076,23,1.01714937
1077,20,1.03500279
1078,19,1.01167828
1079,18,1.02404681
1080,17,0.99558315
1081,16,1.00301766
1082,13,0.99967908
1083,12,1.00613497
1084,11,0.9890145
1085,10,0.99415836
1086,9,0.99118887
1087,6,0.98086302
1088,5,0.99808996
1089,4,0.99815498
1090,3,0.97411934
1091,2,1.00711958
1092,27,1.0017528
1093,26,1.00006044
1094,25,1.01684081
1095,24,0.99760868
1096,23,1.0057971
1097,20,0.99143993
1098,19,0.99301761
1099,18,0.99818182
1100,17,0.95558001
1101,16,0.99579008
1102,13,1.03030303
1103,12,1.00327869
1104,11,0.99230997
1105,10,0.99616971
1106,9,1.01616766
1107,6,0.96721881
1108,5,0.99366943
1109,4,1.00468343
1110,3,1.00523104
1111,2,0.99762264
1112,30,1.01728308
1113,29,0.94193799
1114,28,0.9960155
1115,27,1.00780814
1116,26,0.97994207
1117,23,0.9983086
1118,22,1.01086537
1119,21,1.00761365
1120,20,1.01672505
1121,19,0.993823
1122,16,1.05037159
1123,15,1.00605269
1124,14,0.98798147
1125,13,1.02920413
1126,12,1.00454601
1127,9,1.00818871
1128,8,0.98995765
1129,7,1.00012101
1130,6,1.02138178
1131,5,1.02788541
1132,2,1.00241961
1133,31,0.96320147
1134,30,1.03209267
1135,29,0.98197414
1136,26,1.02074741
1137,24,0.99993656
1138,23,1.0052937
1139,22,0.9748197
1140,19,1.01316535
1141,18,1.00755268
1142,17,1.00203511
1143,16,0.97265867
1144,15,0.94904309
1145,12,0.99625687
1146,11,1.00181637
1147,10,0.99894644
1148,9,1.04418775
1149,8,1.00392686
1150,5,0.99015796
1151,4,1.00249711
1152,3,0.99702453
1153,2,1.00054681
1154,1,1.06303688
1155,28,0.95503331
1156,27,0.98141534
1157,26,0.99005094
1158,25,1.01231647
1159,24,1.00273773
1160,21,1.01038849
1161,20,1.00799306
1162,19,0.99660368
1163,18,1.00241411
1164,17,0.99073961
1165,14,1.04171724
1166,13,0.9977054
1167,12,0.99834553
1168,11,1.00672646
1169,10,0.98847518
1170,7,1.0240581
1171,6,1.00567367
1172,5,0.95634277
1173,4,0.9923872
1174,3,1.00024763
1175,31,0.97974161
1176,30,0.96432123
1177,29,0.99193548
1178,28,1.0067169
1179,27,0.99505986
1180,24,1.00046517
1181,23,1.00157242
1182,22,0.98052764
1183,21,1.00389819
1184,20,1.01148092
1185,17,0.99314714
1186,16,0.99569954
1187,15,1.0042612
1188,14,0.99438846
1189,13,1.00541163
1190,10,1.00144134
1191,9,0.9994238
1192,8,1.01106904
1193,7,0.99133699
1194,6,1.03004164
1195,3,0.98361615
1196,2,0.99615295
1197,1,1.01215339
1198,30,0.97006811
1199,29,0.99176978
1200,26,1.0061679
1201,25,0.99066478
1202,24,0.99431818
1203,23,1.00287729
1204,22,0.99578652
1205,19,0.96226619
1206,18,0.99854251
1207,17,0.99064171
1208,16,1.00241222
1209,15,1.00225649
1210,12,0.99604003
1211,11,0.98612137
1212,10,0.99532538
1213,9,1.00152551
1214,8,0.99155018
1215,5,1.00730311
1216,4,0.99352717
1217,3,1.00067906
1218,2,0.99150611
1219,1,0.99372105
1220,29,0.99743326
1221,28,1.00226384
1222,27,1.00465212
1223,26,1.00082773
1224,25,0.9962377
1225,22,0.99912461
1226,21,0.99809837
1227,20,1.00231815
1228,19,0.99035763
1229,18,1.00235234
1230,15,0.9846425
1231,14,1.0030303
1232,13,0.99507488
1233,12,0.99524834
1234,11,1.00619024
1235,8,0.99658943
1236,7,0.99615289
1237,6,1.01326381
1238,5,0.98073581
1239,4,0.99192317
1240,1,0.9967601
1241,31,0.98960408
1242,30,1.00160568
1243,29,0.99912494
1244,28,0.99338388
1245,25,1.01704322
1246,24,0.97444242
1247,23,0.99832768
1248,22,1.00090866
1249,21,1.00278151
1250,18,0.98731061
1251,17,1.01817481
1252,16,1.00387165
1253,15,0.98842382
1254,14,0.97586593
1255,11,1.00201132
1256,10,1.01317473
1257,9,1.00399676
1258,8,0.9996195
1259,7,0.99592629
1260,4,0.99976321
1261,3,0.99910102
1262,2,1.00623691
1263,1,1.00019048
1264,30,1.00291322
1265,27,0.99321696
1266,26,1.00342694
1267,25,1.0050708
1268,24,1.00220539
1269,23,1.00057565
1270,20,1.00365912
1271,19,1.04513662
1272,18,1.00755425
1273,17,1.00407249
1274,16,0.99898291
1275,13,1.00841026
1276,12,1.01668405
1277,11,1.00020859
1278,10,1.00661417
1279,9,1.00257881
1280,6,0.99884351
1281,5,1.01240021
1282,4,1.00015968
1283,3,1.00266852
1284,2,0.99691407
1285,30,0.98853416
1286,29,1.00031567
1287,28,0.99774278
1288,27,0.98074547
1289,26,0.99943401
1290,23,0.99774116
1291,22,1.00464181
1292,21,1.00005158
1293,20,1.00253374
1294,19,0.99943152
1295,16,0.99332649
1296,15,0.98568031
1297,14,1.01276007
1298,13,0.99984629
1299,12,1.01991012
1300,9,0.99848682
1301,8,0.99336547
1302,7,0.98634969
1303,6,0.99867252
1304,5,1.00621629
1305,2,1.02393477
1306,1,0.99144675
1307,30,0.98641836
1308,29,0.99366118
1309,28,0.99400407
1310,25,1.00244499
1311,24,1.01039629
1312,23,1.00154639
1313,22,0.998713
1314,21,0.99107143
1315,18,0.99908248
1316,17,0.9989307
1317,16,1.00250128
1318,15,0.98106971
1319,14,0.99964956
1320,11,0.99790178
1321,10,1.00785459
1322,9,0.99205794
1323,8,1.00861504
1324,7,0.99543631
1325,4,1.00585149
1326,3,0.99318637
1327,2,1.01114488
1328,1,0.99964552
1329,31,0.99656826
1330,28,1.00732042
1331,27,0.99786943
1332,26,0.98861585
1333,25,1.00226187
1334,24,0.97980793
1335,21,1.00321146
1336,20,0.9835269
1337,19,0.98913723
1338,18,0.98443267
1339,17,0.98687836
1340,14,1.0137758
1341,13,0.99332267
1342,12,1.02279723
1343,11,1.00038491
1344,10,0.99564072
1345,7,0.97351117
1346,6,1.01418909
1347,5,0.99981085
1348,4,0.9881314
1349,3,1.01248995
1350,28,0.9948228
1351,27,1.00127238
1352,26,0.9720568
1353,25,0.99408015
1354,24,1.00687758
1355,21,1.0
1356,20,1.013947
1357,19,0.9817435
1358,18,1.00458505
1359,17,1.01583605
1360,14,1.04833984
1361,13,1.01285856
1362,12,1.0
1363,11,1.00797607
1364,10,1.00249875
1365,7,1.00300752
1366,6,1.00402617
1367,5,1.02054443
1368,4,1.00776398
1369,3,1.00940439
1370,31,0.99947781
1371,30,0.97109533
1372,29,1.00869565
1373,28,0.99339431
1374,27,0.98993964
1375,24,0.99350325
1376,23,1.01213961
1377,22,0.99496729
1378,21,0.97930015
1379,20,1.00098668
1380,17,1.00895968
1381,16,0.99603371
1382,15,0.99703411
1383,14,0.99263984
1384,13,1.01393035
1385,10,1.02760736
1386,9,1.00204918
1387,8,0.98337531
1388,7,0.98560079
1389,6,1.0
1390,3,1.00750375
1391,2,1.01885831
1392,31,1.00306748
1393,30,0.9765352
1394,27,1.01520527
1395,26,1.01544004
1396,24,1.0
1397,23,1.00309757
1398,20,1.00728029
1399,19,0.97564688
1400,18,0.99144869
1401,17,0.99549324
1402,16,1.01422042
1403,13,1.01026167
1404,12,0.96104536
1405,11,0.99509323
1406,10,1.02721774
1407,9,1.0190036
1408,6,1.00464396
1409,5,0.98575788
1410,4,1.02931937
1411,3,0.99843178
1412,2,0.95745746
1413,29,1.01267106
1414,28,1.00407125
1415,27,0.98992443
1416,26,0.98170129
1417,25,1.01812689
1418,22,0.99598796
1419,21,1.0040282
1420,20,0.97592138
1421,19,0.99754902
1422,18,0.98171319
1423,15,1.00048146
1424,14,1.00825243
1425,13,0.99420849
1426,12,0.9704918
1427,11,0.99348534
1428,8,0.99306839
1429,7,0.99311611
1430,6,1.0050738
1431,5,1.0023116
1432,4,0.9908383
1433,1,0.99680365
1434,31,0.96348438
1435,30,1.00977343
1436,29,1.00088928
1437,28,0.99866785
1438,25,0.99294533
1439,24,1.0071048
1440,23,0.99294533
1441,22,1.02116164
1442,21,1.01369238
1443,18,1.002746
1444,17,1.02198316
1445,16,1.00187441
1446,15,1.0047081
1447,14,0.9971831
1448,11,0.9829257
1449,10,0.99221612
1450,9,0.98025135
1451,8,0.99686801
1452,7,1.0294795
1453,4,1.0023084
1454,3,0.99769691
1455,2,1.02599244
1456,1,0.97646516
1457,30,0.99632184
1458,27,1.00138122
1459,26,0.99724518
1460,25,1.00414938
1461,24,1.00231054
1462,23,0.99448529
1463,20,0.94444444
1464,19,1.00479721
1465,18,1.05473781
1466,17,0.99724771
1467,16,0.98153985
1468,13,1.0202113
1469,12,0.93957704
1470,11,1.00870701
1471,10,0.96960743
1472,9,0.99412505
1473,6,1.02892919
1474,5,0.98637138
1475,4,0.96784831
1476,3,1.00372362
1477,2,1.02894849
1478,30,0.98449288
1479,29,0.9798768
1480,28,0.99591002
1481,27,1.00617284
1482,26,1.0125
1483,23,1.04031209
1484,22,1.01051248
1485,21,0.99433798
1486,20,0.99307958
1487,19,0.9987041
1488,16,1.00915432
1489,15,1.05084746
1490,14,1.019617
1491,13,1.0028103
1492,12,1.04197169
1493,9,1.01385453
1494,8,1.03428864
1495,7,1.00308008
1496,6,0.99084435
1497,5,0.99042821
1498,2,1.01378958
1499,1,0.98888889
1500,31,1.00507614
1501,30,0.99344428
1502,29,0.99249249
1503,26,0.98910891
1504,25,1.0034774
1505,24,0.98435208
1506,23,0.99756098
1507,22,1.0529019
1508,19,1.00568182
1509,18,1.00310881
1510,17,0.96644967
1511,16,1.00150451
1512,15,1.00301811
1513,12,0.9885629
1514,11,1.03981386
1515,10,1.00415369
1516,9,1.01102362
1517,8,1.01007423
1518,5,0.96519959
1519,4,0.98936709
1520,3,1.02014463
1521,2,0.98825932
1522,1,0.9994898
1523,28,1.06290672
1524,27,0.99729584
1525,26,0.9438489
1526,25,0.99745418
1527,24,0.97906281
1528,21,1.02034588
1529,20,0.92041199
1530,19,0.987061
1531,18,0.99129638
1532,17,0.99137148
1533,14,1.01009174
1534,13,1.00229885
1535,12,1.00554785
1536,11,0.98857404
1537,10,1.01249422
1538,7,0.95577178
1539,6,1.00444247
1540,5,1.00044444
1541,4,0.99162627
1542,3,1.02023381
1543,31,0.97801231
1544,30,1.01291759
1545,29,1.00672646
1546,28,0.98541759
1547,27,1.01207513
1548,24,0.99113475
1549,23,1.01347709
1550,22,0.99375
1551,21,0.97944906
1552,20,1.03064443
1553,17,0.98012367
1554,16,1.0035461
1555,15,0.96534018
1556,14,0.98941575
1557,13,0.99118758
1558,10,1.00590967
1559,9,0.98997075
1560,8,1.00041806
1561,7,0.99791406
1562,6,0.99543189
1563,3,1.01176471
1564,2,1.00847458
1565,1,0.97119342
1566,30,0.99102773
1567,29,1.02422723
1568,26,0.98275862
1569,25,1.05272256
1570,24,1.0095986
1571,23,0.97948718
1572,22,1.00775194
1573,19,1.00043085
1574,18,0.99656505
1575,17,0.99743041
1576,16,1.02727673
1577,15,0.8735588
1578,12,0.94241217
1579,11,1.0007249
1580,10,0.98747316
1581,9,1.02494497
1582,8,0.9996333
1583,5,1.01337793
1584,4,0.99851577
1585,3,0.98935389
1586,2,0.97320472
1587,1,0.98904594
1588,28,0.98847363
1589,27,0.9968663
1590,26,0.99722222
1591,25,1.00383409
1592,22,0.98557197
1593,21,1.0114663
1594,20,0.997228
1595,19,1.00069348
1596,18,1.00417827
1597,15,0.99860918
1598,14,0.99584488
1599,13,0.99209894
1600,12,1.00587422
1601,11,1.00069156
1602,8,1.002079
1603,7,0.99517241
1604,6,1.01186322
1605,5,1.00490884
1606,4,0.99929923
1607,1,1.001755
1608,28,0.98377072
1609,27,0.98637602
1610,26,1.01381215
1611,25,1.01046755
1612,22,1.00104785
1613,21,1.00385694
1614,20,0.96875
1615,19,0.98692591
1616,18,1.00370121
1617,15,0.97891963
1618,14,0.98795965
1619,13,0.98905697
1620,12,1.00517632
1621,11,0.98533631
1622,8,0.998091
1623,7,0.98867568
1624,6,1.00031466
1625,5,1.00252366
1626,4,0.99716892
1627,1,1.01209806
1628,31,0.98186933
1629,30,1.02074027
1630,29,1.01654233
1631,28,0.9894095
1632,25,0.985764
1633,24,0.98137224
1634,23,1.00062131
1635,22,1.0065666
1636,21,1.00502828
1637,18,1.00378549
1638,17,1.00859052
1639,16,1.00319183
1640,15,1.01064516
1641,14,1.01873151
1642,11,0.98670558
1643,10,1.01681503
1644,9,0.99901186
1645,8,1.00729927
1646,7,0.99702283
1647,4,1.0026534
1648,3,0.97226701
1649,2,1.02444665
1650,31,1.00832778
1651,28,0.99601858
1652,27,1.00533689
1653,26,1.00334672
1654,24,0.996997
1655,21,1.00133645
1656,20,0.96486138
1657,19,0.98133502
1658,18,0.97985121
1659,17,1.00124146
1660,14,0.99077491
1661,13,0.97219731
1662,12,1.01455869
1663,11,0.99187726
1664,10,1.00514061
1665,7,1.00181763
1666,6,1.00456482
1667,5,0.9984807
1668,4,0.97859054
1669,3,1.00628366
1670,30,0.97633655
1671,29,1.0148236
1672,28,0.9914756
1673,27,0.99677703
1674,26,1.00264395
1675,23,1.02068966
1676,22,1.00029994
1677,21,1.006035
1678,20,1.00120846
1679,19,1.02508517
1680,16,0.9904908
1681,15,0.99816289
1682,14,1.00585156
1683,13,1.00216049
1684,12,0.99447514
1685,9,1.00835655
1686,8,1.01635735
1687,7,0.99436972
1688,6,1.02599487
1689,5,1.008088
1690,2,0.95815251
1691,1,1.00124146
1692,31,1.01416431
1693,30,1.00031486
1694,29,0.99064255
1695,26,0.998132
1696,25,1.01197227
1697,24,1.00252685
1698,23,0.97685899
1699,22,1.01060181
1700,19,0.97834045
1701,18,0.98705209
1702,17,1.00850288
1703,16,1.00672577
1704,15,0.97787743
1705,12,0.98411297
1706,11,1.00088339
1707,10,1.00206551
1708,9,0.99764498
1709,8,0.98606676
1710,5,0.98654066
1711,4,1.01158749
1712,3,0.99942096
1713,2,0.9994213
1714,1,1.00202957
1715,28,0.99624495
1716,27,1.02003536
1717,26,1.00503405
1718,25,0.99381989
1719,24,0.98464213
1720,21,0.9959596
1721,20,1.00173461
1722,19,0.99396552
1723,18,1.01813926
1724,17,0.98700549
1725,14,0.99971132
1726,13,1.04305932
1727,12,0.99252839
1728,11,1.00359928
1729,10,0.99049317
1730,7,1.03188228
1731,6,1.0117866
1732,5,0.99814241
1733,4,1.00654409
1734,3,1.01230284
1735,31,1.04207758
1736,30,0.98959011
1737,29,0.99578879
1738,28,1.00553746
1739,27,0.99772506
1740,24,1.00687173
1741,23,1.02515934
1742,22,1.01740614
1743,21,1.01877608
1744,20,1.02494654
1745,17,0.99538844
1746,16,1.01366415
1747,15,1.00035971
1748,14,0.99964042
1749,13,0.98967972
1750,10,0.99893352
1751,9,1.00392577
1752,8,0.99750801
1753,7,1.00825556
1754,6,1.00759494
1755,3,1.02067183
1756,2,0.98796499
1757,1,0.98103757
1758,31,0.99183818
1759,30,1.01622791
1760,27,1.00763081
1761,26,1.00732064
1762,25,1.01410542
1763,24,0.99777778
1764,23,0.9893734
1765,20,1.00183554
1766,19,1.0036846
1767,18,0.99450348
1768,17,0.9989019
1769,16,1.0007326
1770,13,1.00589536
1771,12,1.0018457
1772,11,1.01119821
1773,10,0.98060029
1774,9,1.00886263
1775,6,0.97903109
1776,5,0.98399146
1777,4,0.99469214
1778,3,1.02875865
1779,2,0.9996361
1780,29,1.04328018
1781,28,0.97918216
1782,27,0.99298634
1783,26,0.98509091
1784,25,1.02192493
1785,22,1.00111607
1786,21,0.95522388
1787,20,0.9904963
1788,19,0.9902405
1789,18,1.00104676
1790,15,1.00139762
1791,14,0.99375
1792,13,0.99481865
1793,12,1.01401051
1794,11,1.00245787
1795,8,0.99650105
1796,7,0.97144799
1797,6,1.03191863
1798,5,1.00991853
1799,4,0.99052632
1800,1,1.02962428
1801,31,0.9928264
1802,30,1.0010772
1803,29,0.98167078
1804,28,0.9954386
1805,25,1.00777935
1806,24,1.01799856
1807,23,0.98650568
1808,22,0.98980668
1809,21,0.99059889
1810,18,1.02498216
1811,17,1.03052593
1812,16,0.98158845
1813,15,0.98471383
1814,14,0.97369332
1815,11,0.99483471
1816,10,0.99486125
1817,9,0.99218219
1818,8,0.97936085
1819,7,0.98978583
1820,4,1.00964737
1821,3,0.9817113
1822,2,0.98933764
1823,1,0.9983871
1824,30,0.992
1825,27,1.00514635
1826,26,1.01270358
1827,25,0.99642973
1828,24,0.99935128
1829,23,0.97316919
1830,20,0.99810964
1831,19,1.00443038
1832,18,0.99778971
1833,17,1.00635526
1834,16,0.99904762
1835,13,0.97432725
1836,12,1.02504756
1837,11,0.99338583
1838,10,1.00729695
1839,9,0.99432177
1840,6,1.00094727
1841,5,1.0098852
1842,4,0.9616682
1843,3,0.98938107
1844,2,1.0229671
1845,30,1.0
1846,29,1.00593194
1847,28,0.98372236
1848,27,0.99268293
1849,26,1.01926663
1850,23,1.02029169
1851,22,0.9816371
1852,21,1.00031133
1853,20,0.97599514
1854,19,1.01261538
1855,16,1.00154083
1856,15,1.0096453
1857,14,0.96285201
1858,13,0.99671544
1859,12,0.97952618
1860,9,1.01064144
1861,8,1.0131776
1862,7,1.01520219
1863,6,0.96906305
1864,5,0.97979215
1865,2,0.97742664
1866,1,1.02368573
1867,29,0.93795719
1868,28,1.04383484
1869,27,1.00226757
1870,24,0.9988675
1871,23,1.03063904
1872,22,0.99941674
1873,21,1.02327663
1874,20,1.00994575
1875,17,0.9916318
1876,16,1.0008974
1877,15,0.99642325
1878,14,0.99554896
1879,13,1.00807658
1880,10,0.98700915
1881,9,0.99823165
1882,8,0.99443142
1883,7,1.01457032
1884,6,1.0029824
1885,3,0.97840677
1886,2,1.0181224
1887,1,1.01416089
1888,31,0.99193066
1889,30,0.98906296
1890,27,1.01408873
1891,26,1.00300661
1892,25,1.03969991
1893,24,0.9897896
1894,23,1.00716734
1895,20,1.04835021
1896,19,1.00294889
1897,18,1.0156406
1898,17,1.00300401
1899,16,1.01147873
1900,13,0.97949735
1901,12,1.01002004
1902,11,1.0
1903,10,1.03276992
1904,9,1.01045661
1905,6,0.97884681
1906,5,1.00445511
1907,4,0.98381659
1908,3,1.07308249
1909,30,0.99783394
1910,29,1.02402957
1911,28,0.94382415
1912,27,0.98657487
1913,23,0.99931201
1914,22,0.99012262
1915,21,0.99390657
1916,20,1.02640723
1917,19,0.97131286
1918,16,1.01716444
1919,15,1.00830737
1920,14,0.9395122
1921,13,0.98274209
1922,12,0.97325039
1923,9,1.01483586
1924,8,0.97506925
1925,7,0.99236408
1926,6,1.01993769
1927,5,0.98647818
1928,2,0.99449878
1929,1,0.9978652
1930,30,1.02725564
1931,29,0.9947024
1932,28,1.03150113
1933,25,0.97860963
1934,24,1.00283912
1935,23,0.96941896
1936,22,1.0351377
1937,21,0.9789278
1938,18,1.0183023
1939,17,0.94035608
1940,16,0.97624565
1941,15,1.0087668
1942,14,0.98759019
1943,11,1.01881799
1944,10,0.998532
1945,9,0.97453505
1946,8,1.00057257
1947,7,1.02464066
1948,4,0.98668596
1949,3,1.00964348
1950,2,1.02485774
1951,1,0.97688707
1952,31,0.97047132
1953,28,1.00370476
1954,27,1.05185851
1955,26,1.00300661
1956,25,1.04821935
1957,24,1.01341424
1958,21,1.02387181
1959,20,0.9820167
1960,19,0.97251718
1961,18,1.0081864
1962,17,0.98756219
1963,14,1.0094162
1964,13,0.97760049
1965,12,1.01748361
1966,11,0.99813026
1967,10,1.0328291
1968,7,0.97184861
1969,6,1.05129891
1970,5,1.01164338
1971,4,0.98914116
1972,3,1.02426694
1973,30,0.96960784
1974,29,1.02615694
1975,28,0.93508937
1976,27,1.03842397
1977,26,0.99934917
1978,23,0.85718271
1979,22,0.90393343
1980,21,0.9972341
1981,20,1.00327952
1982,19,0.98046005
1983,16,1.01531894
1984,15,0.97885939
1985,14,0.99292165
1986,13,1.01713009
1987,12,0.96850204
1988,9,0.98344762
1989,8,1.01780987
1990,7,0.98928571
1991,6,0.97697139
1992,5,0.99398844
1993,2,1.0406641
1994,1,1.00048146
1995,31,1.00581114
1996,30,1.01126347
1997,29,0.98575911
1998,26,1.00876552
1999,25,1.03320755
2000,24,0.94846099
2001,23,0.95772395
2002,22,1.02362573
2003,19,1.05347462
2004,18,1.00669809
2005,17,1.01205122
2006,16,0.999749
2007,15,1.0186653
2008,12,1.01111686
2009,11,0.98522669
2010,10,1.04609646
2011,9,0.96206101
2012,8,1.01880387
2013,5,0.98431877
2014,4,0.9337494
2015,3,1.02157921
2016,2,1.03845174
2017,1,0.98470411
2018,29,1.00377548
2019,28,0.98708075
2020,27,0.98507097
2021,26,1.01540755
2022,25,1.00549725
2023,22,1.01676829
2024,21,0.98375406
2025,20,1.02510889
2026,19,0.96299038
2027,18,1.03366488
2028,15,1.02375979
2029,14,1.00445843
2030,13,1.05681818
2031,12,1.00838457
2032,11,0.97572948
2033,8,1.00686436
2034,7,1.01505017
2035,6,1.01155906
2036,5,1.04048108
2037,4,1.00917703
2038,1,0.97376766
2039,30,0.99598048
2040,29,1.02743363
2041,28,1.01013111
2042,27,0.98099971
2043,24,0.97022121
2044,23,0.97028068
2045,22,1.00055066
