Year,Month,Day,Open,High,Low,Close,Volumn,Return,RSI,CDMA
2019,5,16,71.914,72.159,71.627,71.777,103626,0.99840038,25.40096459,-0.85370019
2019,5,15,72.045,72.107,71.539,71.892,110309,0.99787633,26.19336216,-0.83663888
2019,5,14,71.752,72.278,71.688,72.045,102377,1.00352407,27.24329487,-0.81440224
2019,5,13,72.316,72.489,71.616,71.792,116020,0.98968845,22.47156743,-0.78975254
2019,5,10,72.252,72.771,72.209,72.540,150791,1.00309752,27.40610301,-0.72104325
2019,5,9,72.338,72.492,72.024,72.316,124909,0.99915719,22.68505859,-0.69901730
2019,5,8,72.750,72.801,71.826,72.377,124116,0.99491388,23.06435295,-0.63792939
2019,5,7,73.138,73.398,72.631,72.747,116271,0.99320090,25.46218862,-0.55689093
2019,5,6,73.013,73.460,72.808,73.245,105919,0.99250657,29.26464597,-0.48302889
2019,5,3,73.772,73.984,73.622,73.798,79076,1.00043380,34.59118575,-0.43243365
2019,5,2,73.739,74.090,73.615,73.766,75083,0.99998644,33.94516468,-0.41787123
2019,5,1,74.343,74.380,73.733,73.767,63504,0.99131872,33.95489615,-0.38994799
2019,4,30,74.403,74.589,74.116,74.413,72381,0.99967758,41.00675214,-0.34873761
2019,4,29,74.172,74.575,74.146,74.437,50240,1.00134523,41.30267138,-0.35684019
2019,4,26,73.939,74.491,73.702,74.337,80534,1.00497506,39.61674569,-0.36443526
2019,4,25,73.899,73.997,73.611,73.969,74967,1.00136730,33.04524343,-0.35864664
2019,4,24,74.391,74.419,73.653,73.868,85331,0.99276940,31.13524042,-0.30857248
2019,4,23,74.740,74.806,74.193,74.406,70392,0.99553117,36.25015937,-0.22988768
2019,4,22,74.716,74.865,74.669,74.740,49891,0.99891742,40.04230600,-0.18089163
2019,4,19,74.782,74.907,74.725,74.821,44280,1.00012030,41.00836016,-0.14973097
2019,4,18,75.320,75.386,74.669,74.812,49172,0.99280728,40.86115330,-0.11602801
2019,4,17,75.675,75.856,74.638,75.354,53119,0.99514012,47.48776292,-0.07040673
2019,4,16,75.718,75.814,75.467,75.722,58605,0.99957758,52.89616266,-0.06633874
2019,4,15,75.627,75.951,75.587,75.754,46859,1.00048866,53.38711690,-0.09765067
2019,4,12,75.074,75.885,74.966,75.717,61320,1.00793387,52.91793700,-0.13945389
2019,4,11,75.064,75.207,74.888,75.121,59337,1.00125288,44.57319019,-0.18701431
2019,4,10,74.904,75.184,74.768,75.027,65706,1.00124109,43.09613628,-0.18431485
2019,4,9,75.093,75.249,74.864,74.934,55835,0.99731154,41.66805363,-0.16861751
2019,4,8,75.153,75.217,74.926,75.136,52273,0.99898952,43.88960843,-0.13666028
2019,4,5,75.416,75.593,75.069,75.212,60661,0.99728178,44.72263478,-0.11445072
2019,4,4,75.525,75.803,75.258,75.417,58915,0.99857001,46.95483386,-0.09217670
2019,4,3,75.191,75.803,75.042,75.525,68536,1.00442866,48.13002038,-0.08327892
2019,4,2,75.566,75.722,74.997,75.192,72393,0.99511653,44.12624062,-0.08170715
2019,4,1,75.612,75.954,75.453,75.561,72745,1.00335954,47.93329267,-0.04460708
2019,3,29,74.963,75.554,74.931,75.308,90695,1.00446828,44.90709693,-0.03417597
2019,3,28,75.083,75.282,74.734,74.973,101901,0.99842857,40.66703127,0.00539501
2019,3,27,76.350,76.427,74.892,75.091,108361,0.98369053,41.71716406,0.08993260
2019,3,26,75.978,76.489,75.923,76.336,84675,1.00393230,55.84556883,0.18451064
2019,3,25,75.727,76.160,75.437,76.037,100501,1.00729937,52.23832900,0.17577919
2019,3,22,76.249,76.398,75.480,75.486,114020,0.98994138,44.47630855,0.19252153
2019,3,21,76.522,76.775,75.902,76.253,90158,0.99801060,56.30377986,0.26719235
2019,3,20,76.319,76.643,75.895,76.405,73044,1.00078591,59.20081943,0.28051849
2019,3,19,76.323,76.559,76.098,76.345,51425,1.00034068,58.41655905,0.27797086
2019,3,18,76.305,76.657,76.244,76.319,52905,1.00103620,58.09241437,0.27678503
2019,3,15,76.299,76.586,76.240,76.240,59900,0.99942321,57.15000786,0.27389279
2019,3,14,76.274,76.457,75.956,76.284,75692,1.00036718,57.82249403,0.27426098
2019,3,13,76.374,76.394,75.988,76.256,57487,0.99849419,57.52716990,0.26626168
2019,3,12,75.983,76.494,75.962,76.371,59275,1.00538427,59.10551203,0.25502967
2019,3,11,75.472,76.023,75.312,75.962,66835,1.00423045,55.03093243,0.22527494
2019,3,8,75.320,75.693,75.010,75.642,103254,1.00356892,51.52174124,0.22566398
2019,3,7,75.619,75.842,75.232,75.373,91545,0.99648330,48.37723833,0.25545997
2019,3,6,75.983,76.083,75.487,75.639,93318,0.99470030,51.44103065,0.31716381
2019,3,5,76.150,76.303,75.805,76.042,88989,0.99718059,56.47248931,0.36422341
2019,3,4,76.282,76.422,75.936,76.257,93169,1.00233967,59.34816755,0.37795805
2019,3,1,75.800,76.490,75.787,76.079,91105,1.00303234,57.69192680,0.36809997
2019,2,28,75.913,76.029,75.662,75.849,100774,0.99836784,55.51744270,0.36828692
2019,2,27,76.103,76.292,75.711,75.973,90267,0.99691633,56.98363975,0.38658683
2019,2,26,76.425,76.496,76.102,76.208,88904,0.99712147,59.76106721,0.39169563
2019,2,25,75.906,76.542,75.828,76.428,92373,1.00889722,62.40520123,0.36859165
2019,2,22,75.252,75.815,74.827,75.754,93018,1.00617620,56.99181853,0.31134123
2019,2,21,75.971,76.137,75.278,75.289,110869,0.99072295,52.62130539,0.30236574
2019,2,20,76.111,76.310,75.894,75.994,89660,0.99847589,61.40640060,0.33385716
2019,2,19,75.700,76.154,75.405,76.110,84029,1.00455355,63.01372751,0.29741374
2019,2,18,75.692,76.202,75.620,75.765,51379,0.99930096,60.13172438,0.23476175
2019,2,15,75.486,75.902,75.111,75.818,75058,1.00360046,60.80762685,0.18650759
2019,2,14,75.383,76.005,75.370,75.546,80338,1.00176362,58.58943083,0.11680853
2019,2,13,74.371,75.799,74.345,75.413,67021,1.01343851,57.49720123,0.05384270
2019,2,12,74.275,74.486,74.182,74.413,64416,1.00165567,47.90380393,-0.01376595
2019,2,11,73.937,74.467,73.937,74.290,65176,1.00391892,46.52524891,0.00195925
2019,2,8,74.078,74.268,73.822,74.000,65911,0.99830019,43.23678342,0.03452546
2019,2,7,74.482,74.523,74.081,74.126,71804,0.99475288,44.33679349,0.10511686
2019,2,6,75.812,75.914,74.387,74.517,73101,0.98319062,47.84426979,0.18085911
2019,2,5,75.634,75.881,75.528,75.791,85786,1.00191682,62.89941992,0.23509216
2019,2,4,75.505,75.753,75.433,75.646,60803,1.00245160,61.62316264,0.17117738
2019,2,1,75.255,75.720,75.044,75.461,86364,1.00209819,59.99268057,0.10187266
2019,1,31,75.099,75.531,74.909,75.303,88411,1.00140963,58.59768726,0.03076921
2019,1,30,74.719,75.284,74.538,75.197,94145,1.00654548,57.67838355,-0.04434493
2019,1,29,74.642,75.002,74.444,74.708,99903,1.00046871,53.22979777,-0.12878013
2019,1,28,74.779,75.168,74.576,74.673,96463,0.99715568,52.90075819,-0.18488790
2019,1,25,74.112,75.163,73.950,74.886,104177,1.01075733,55.09097037,-0.25024891
2019,1,24,74.333,74.568,74.070,74.089,100109,0.99626178,47.54520043,-0.35172060
2019,1,23,73.812,74.605,73.726,74.367,107948,1.00903651,50.28160836,-0.39497036
2019,1,22,73.772,73.815,73.326,73.701,97496,0.99876680,42.98139610,-0.47273321
2019,1,21,73.996,74.014,73.567,73.792,77938,0.99736440,43.79731766,-0.49729985
2019,1,18,73.849,74.373,73.671,73.987,98826,1.00181442,45.51659605,-0.53068782
2019,1,17,73.883,74.209,73.198,73.853,115307,0.99890443,44.11679769,-0.58543847
2019,1,16,74.047,74.138,73.477,73.934,102855,0.99808305,44.76231716,-0.63316109
2019,1,15,73.760,74.432,73.661,74.076,122712,1.00412080,45.85452735,-0.69311017
2019,1,14,74.020,74.069,73.464,73.772,96772,0.99496932,43.09426569,-0.77400358
2019,1,11,73.475,74.182,73.446,74.145,121766,1.00835022,45.75159195,-0.83504202
2019,1,10,73.382,73.583,73.054,73.531,135742,1.00170286,40.10637195,-0.93878138
2019,1,9,73.046,73.805,73.046,73.406,141511,1.00436466,38.90449476,-0.99501916
2019,1,8,73.404,73.521,72.877,73.087,140171,0.99608853,35.85418617,-1.03959874
2019,1,7,73.118,73.456,72.911,73.374,135513,1.00384442,37.41475884,-1.04889706
2019,1,4,72.019,73.267,71.827,73.093,185059,1.01470139,34.83611825,-1.07473023
2019,1,3,72.427,72.439,69.481,72.034,197262,0.99456011,23.85740282,-1.06345941
2019,1,2,73.664,73.763,72.424,72.428,124207,0.98502632,25.33184224,-0.92577978
2018,12,31,73.928,74.210,73.499,73.529,77575,0.99422630,30.17007257,-0.77670098
2018,12,28,74.320,74.417,73.840,73.956,90621,0.99516921,32.39851127,-0.68722657
2018,12,27,74.842,74.957,73.988,74.315,136889,0.99233532,34.38106784,-0.60650503
2018,12,26,74.161,74.918,74.026,74.889,92794,1.00857889,37.81678931,-0.53120583
2018,12,25,74.252,74.252,74.252,74.252,1,0.99974418,30.67822057,-0.48581368
2018,12,24,74.576,74.892,74.125,74.271,130033,0.99564320,30.77607505,-0.35595222
2018,12,21,75.361,75.513,74.564,74.596,145831,0.98944185,32.41851201,-0.18695884
2018,12,20,76.064,76.315,75.146,75.392,166482,0.99103504,36.89676695,-0.00163333
2018,12,19,76.976,77.220,76.044,76.074,136092,0.98753797,41.45243896,0.15388588
2018,12,18,76.686,77.409,76.683,77.034,136248,1.00316443,49.42971054,0.28070662
2018,12,17,77.014,77.260,76.655,76.791,81543,0.99680673,47.03389901,0.34074753
2018,12,14,77.923,77.969,76.965,77.037,88782,0.98909945,49.22618676,0.43716706
2018,12,13,77.625,78.025,77.515,77.886,84446,1.00315555,57.87052837,0.52882737
2018,12,12,77.930,78.295,77.367,77.641,88581,0.99654730,55.79021963,0.55168359
2018,12,11,77.817,78.226,77.590,77.910,115571,1.00089928,58.74778814,0.59777740
2018,12,10,77.086,77.905,76.941,77.840,131425,1.00689459,58.21250426,0.62052584
2018,12,7,77.433,77.747,77.133,77.307,147884,0.99747107,53.99146046,0.64766255
2018,12,6,78.050,78.072,77.148,77.503,190170,0.99309346,55.92025899,0.72714741
2018,12,5,78.115,78.374,77.958,78.042,97178,0.99893760,61.53360996,0.79806594
2018,12,4,78.697,78.853,77.958,78.125,156011,0.99317332,62.42969427,0.82209555
2018,12,3,78.585,78.803,78.225,78.662,116612,1.00717011,68.41519607,0.83235740
2018,11,30,77.809,78.162,77.712,78.102,118725,1.00371403,65.18273693,0.77867187
2018,11,29,78.054,78.082,77.567,77.813,122188,0.99649109,63.38711916,0.75584166
2018,11,28,77.204,78.165,77.163,78.087,114382,1.01069103,66.40198771,0.74513340
2018,11,27,76.863,77.320,76.604,77.261,123704,1.00483814,61.24165926,0.69272928
2018,11,26,76.291,77.160,76.253,76.889,110544,1.00479601,58.58131214,0.69986833
2018,11,23,76.938,76.981,76.339,76.522,95538,0.99452842,55.80215800,0.73667682
2018,11,22,77.214,77.319,76.652,76.943,78314,0.99639994,60.09756716,0.81030980
2018,11,21,76.536,77.410,76.430,77.221,113378,1.00847568,63.07461756,0.84964048
2018,11,20,76.916,77.256,76.471,76.572,134366,0.99546288,58.63234254,0.85917687
2018,11,19,77.374,77.526,76.779,76.921,128980,0.99094352,62.37965085,0.92493166
2018,11,16,77.563,77.691,77.006,77.624,145377,1.00087679,70.84924547,0.95987058
2018,11,15,77.182,77.714,77.039,77.556,174201,1.00484569,70.48935757,0.91892541
2018,11,14,76.948,77.458,76.830,77.182,159528,1.00251987,68.50345286,0.86022193
2018,11,13,76.360,77.156,76.208,76.988,153662,1.00802619,67.44834148,0.81086263
2018,11,12,76.515,76.959,76.362,76.375,132785,0.99612636,63.90007960,0.75582057
2018,11,9,77.003,77.142,76.518,76.672,129871,0.99592134,67.19536595,0.73698769
2018,11,8,76.971,77.250,76.827,76.986,124773,0.99961047,70.77866143,0.67199025
2018,11,7,76.407,77.238,76.239,77.016,172843,1.00874941,71.11510487,0.54728458
2018,11,6,75.313,76.414,75.288,76.348,109695,1.01196898,67.96676946,0.37709975
2018,11,5,75.065,75.557,75.016,75.445,105803,1.00320462,62.88945400,0.22241147
2018,11,2,74.794,75.613,74.743,75.204,155030,1.00490399,61.37212836,0.11367972
2018,11,1,73.598,75.045,73.572,74.837,134714,1.01686233,59.00178802,-0.00221687
2018,10,31,74.104,74.304,73.520,73.596,129059,0.99311797,49.21705879,-0.11274354
2018,10,30,73.272,74.177,73.247,74.106,157742,1.01140985,54.14862714,-0.12581950
2018,10,29,72.948,73.585,72.838,73.270,154454,1.00371238,45.89694238,-0.19260635
2018,10,26,73.218,73.400,72.361,72.999,209426,0.99548616,42.79825403,-0.18992911
2018,10,25,73.195,73.558,72.809,73.330,168396,1.00236478,45.77145911,-0.15615665
2018,10,24,73.648,73.964,73.101,73.157,154873,0.99319829,43.87931052,-0.14448115
2018,10,23,73.973,74.045,73.245,73.658,159334,0.99684671,48.42273801,-0.10986288
2018,10,22,74.377,74.401,73.797,73.891,138405,0.99625180,50.68933283,-0.11509028
2018,10,19,73.367,74.360,73.179,74.169,132570,1.01066961,53.46183978,-0.14381195
2018,10,18,73.747,73.985,73.247,73.386,132196,0.99495648,45.69325054,-0.20668488
2018,10,17,73.808,74.108,73.587,73.758,131124,0.99752505,49.32572817,-0.20420364
2018,10,16,73.188,74.019,73.130,73.941,120444,1.00980566,51.18444112,-0.23594281
2018,10,15,72.869,73.306,72.748,73.223,136340,1.00257411,43.41626418,-0.29165436
2018,10,12,73.115,73.311,72.755,73.035,146944,0.99815498,41.13887025,-0.28541486
2018,10,11,72.335,73.362,72.301,73.170,187183,1.01112416,42.27337066,-0.25415768
2018,10,10,73.071,73.463,72.321,72.365,128670,0.99010782,31.87016853,-0.22431077
2018,10,9,73.047,73.179,72.743,73.088,122825,1.00041063,37.50739485,-0.10098891
2018,10,8,73.235,73.396,72.731,73.058,84854,0.99782837,37.07857196,-0.01573100
2018,10,5,73.761,73.935,73.057,73.217,100328,0.99218094,38.37450727,0.09637246
2018,10,4,74.554,74.623,73.648,73.794,121269,0.98969985,43.49743164,0.22186637
2018,10,3,74.883,75.046,74.526,74.562,100441,0.99470377,52.09254080,0.32006599
2018,10,2,75.338,75.342,74.698,74.959,91336,0.99445454,57.55121094,0.36255255
2018,10,1,75.252,75.508,75.182,75.377,79921,1.00199396,64.12034715,0.37108553
2018,9,28,74.944,75.371,74.861,75.227,99912,1.00345481,62.70170427,0.33401912
2018,9,27,74.962,75.281,74.713,74.968,108896,0.99959999,60.17717297,0.29712317
2018,9,26,75.064,75.519,74.889,74.998,94024,0.99885462,60.61847260,0.27207963
2018,9,25,74.887,75.128,74.799,75.084,85433,1.00206862,61.82534357,0.23310290
2018,9,24,74.925,75.281,74.803,74.929,80239,0.99634328,60.50952262,0.17120747
2018,9,21,75.164,75.534,74.947,75.204,87730,0.99988034,64.15245627,0.10549793
2018,9,20,74.203,75.251,74.095,75.213,93291,1.01316073,64.27004380,-0.00790586
2018,9,19,73.908,74.348,73.807,74.236,88740,1.00328409,56.17230017,-0.15345171
2018,9,18,73.509,74.123,73.270,73.993,106515,1.00576330,53.75151602,-0.23751274
2018,9,17,73.360,73.808,73.191,73.569,61032,1.00297201,49.20586770,-0.31660864
2018,9,14,73.498,73.770,73.282,73.351,73337,0.99776916,46.70499978,-0.36978765
2018,9,13,72.935,73.627,72.893,73.515,77019,1.00786937,48.36857790,-0.41008830
2018,9,12,72.797,73.133,72.512,72.941,78125,1.00217084,41.60918446,-0.47225985
2018,9,11,72.475,72.948,72.414,72.783,72126,1.00422203,39.58765611,-0.48630049
2018,9,10,72.508,72.752,72.247,72.477,70556,0.99958625,35.57660142,-0.48106071
2018,9,7,72.941,73.005,72.392,72.507,99711,0.99414539,35.79294574,-0.43621924
2018,9,6,73.464,73.662,72.837,72.934,98580,0.99262344,38.92109927,-0.37569475
2018,9,5,72.964,73.564,72.870,73.476,95621,1.00618975,43.39076050,-0.33645521
2018,9,4,73.256,73.482,72.830,73.024,87341,0.99590857,37.86516451,-0.33666285
2018,9,3,73.461,73.575,73.149,73.324,58369,0.99676463,40.28884140,-0.28600914
2018,8,31,73.826,73.962,73.314,73.562,103933,0.99647801,42.28257593,-0.24774191
2018,8,30,74.917,75.040,73.664,73.822,97270,0.98510769,44.51729551,-0.21952821
2018,8,29,74.559,74.984,74.392,74.938,91727,1.00473286,56.39762806,-0.20679687
2018,8,28,74.302,74.703,74.244,74.585,77272,1.00271567,52.68923627,-0.30116818
2018,8,27,74.465,74.581,74.114,74.383,64657,0.99928798,50.44993943,-0.38129784
2018,8,24,73.798,74.454,73.717,74.436,84862,1.00801690,51.03849762,-0.45745901
2018,8,23,73.977,74.133,73.778,73.844,82687,0.99755488,44.29855194,-0.55341077
2018,8,22,73.766,74.093,73.686,74.025,88089,1.00330708,46.10022891,-0.60755413
2018,8,21,73.042,73.968,72.888,73.781,86408,1.00916415,43.20892281,-0.68625268
2018,8,20,73.293,73.333,73.022,73.111,67704,0.99706789,34.21055678,-0.75187516
2018,8,17,73.001,73.371,72.769,73.326,86556,1.00447951,35.90577998,-0.75647876
2018,8,16,72.642,73.285,72.434,72.999,116447,1.00425093,31.08275796,-0.77324221
2018,8,15,73.007,73.137,72.362,72.690,109640,0.99523536,26.21061153,-0.75009676
2018,8,14,72.784,73.372,72.687,73.038,97723,1.00285597,28.30309717,-0.67818243
2018,8,13,72.565,73.119,72.343,72.830,123709,0.99858774,24.97904903,-0.61196185
2018,8,10,73.414,73.563,72.716,72.933,133007,0.99309641,25.52316394,-0.49736087
2018,8,9,74.806,74.862,73.396,73.440,87935,0.98134588,28.34532805,-0.35434128
2018,8,8,74.982,75.239,74.695,74.836,73390,0.99791978,39.51722676,-0.21826404
2018,8,7,74.969,75.168,74.841,74.992,66371,1.00022674,41.20231082,-0.18354342
2018,8,6,74.994,75.182,74.919,74.975,53739,0.99882765,40.94750285,-0.15244121
2018,8,3,75.315,75.453,74.881,75.063,86821,0.99758123,41.81860968,-0.10879524
2018,8,2,75.829,75.894,75.167,75.245,88077,0.99176222,43.59989493,-0.06046463
2018,8,1,76.192,76.293,75.714,75.870,93173,0.99523828,50.45277055,-0.01642863
2018,7,31,75.690,76.283,75.551,76.233,109535,1.00628325,55.12563209,-0.02362008
2018,7,30,75.343,75.844,75.322,75.757,59756,1.00413546,49.42164939,-0.06941541
2018,7,27,75.402,75.464,75.170,75.445,80324,1.00026516,45.18056018,-0.07839178
2018,7,26,75.822,75.912,75.393,75.425,100915,0.99442306,44.90557384,-0.05694138
2018,7,25,75.573,75.906,75.398,75.848,112198,1.00345297,49.81288902,-0.02669826
2018,7,24,75.504,75.702,75.259,75.587,105995,1.00080767,46.46067243,-0.03077779
2018,7,23,75.674,75.894,75.477,75.526,106019,0.99554466,45.67315716,-0.00896254
2018,7,20,75.782,76.109,75.477,75.864,151668,1.00077831,49.41277758,0.02522292
2018,7,19,76.622,76.745,75.688,75.805,128743,0.98893716,48.73238395,0.03407459
2018,7,18,76.528,76.724,76.177,76.653,106120,1.00173811,59.39394312,0.05088417
2018,7,17,76.072,76.849,75.854,76.520,115122,1.00558512,58.05756992,-0.01474264
2018,7,16,75.857,76.297,75.855,76.095,84649,1.00084176,53.51846747,-0.08475006
2018,7,13,76.270,76.434,75.730,76.031,95680,0.99729790,52.80425805,-0.12959952
2018,7,12,75.659,76.287,75.539,76.237,97457,1.00762622,55.34601522,-0.17844231
2018,7,11,75.849,75.883,75.403,75.660,130990,0.99653596,48.95546464,-0.25916248
2018,7,10,75.718,76.125,75.654,75.923,91763,1.00212508,52.11200302,-0.29967204
2018,7,9,75.479,75.830,75.386,75.762,80626,1.00247436,50.29004350,-0.37379629
2018,7,6,75.032,75.599,74.954,75.575,99449,1.00624451,48.16296635,-0.44657603
2018,7,5,74.645,75.176,74.535,75.106,103229,1.00552930,42.42555232,-0.51393378
2018,7,4,74.650,74.849,74.507,74.693,89535,1.00029463,36.69630405,-0.54467864
2018,7,3,74.439,74.806,74.071,74.671,107898,1.00313012,36.38317178,-0.53394676
2018,7,2,75.098,75.258,74.124,74.438,98236,0.99220239,33.13022331,-0.51024247
2018,6,29,74.629,75.136,74.404,75.023,140474,1.00530639,37.61430452,-0.44884183
2018,6,28,74.837,75.075,74.392,74.627,151204,0.99660795,31.81329692,-0.42350733
2018,6,27,75.431,75.508,74.711,74.881,160910,0.99340656,33.67849489,-0.34469117
2018,6,26,75.676,75.725,75.179,75.378,126160,0.99604900,37.69385811,-0.26494123
2018,6,25,75.930,76.054,75.386,75.677,123901,0.99613010,40.38357812,-0.20990125
2018,6,22,75.484,76.154,75.305,75.971,128588,1.00574553,43.19801652,-0.16704075
2018,6,21,75.743,75.926,75.409,75.537,154287,0.99750416,37.19852397,-0.13984002
2018,6,20,75.893,76.209,75.550,75.726,130692,0.99702444,38.85819108,-0.05889887
2018,6,19,76.696,76.724,75.482,75.952,164226,0.99106176,40.88356882,0.02602453
2018,6,18,76.689,76.859,76.347,76.637,82910,0.99770872,47.91212904,0.11102824
2018,6,15,77.141,77.195,76.637,76.813,133460,0.99569642,49.96135177,0.14816346
2018,6,14,77.443,77.616,77.107,77.145,135227,0.99610056,54.00746689,0.17548641
2018,6,13,77.289,77.874,77.246,77.447,110722,1.00166843,57.97312179,0.17400426
2018,6,12,77.250,77.784,77.180,77.318,125327,1.00067300,56.71238971,0.13883243
2018,6,11,76.718,77.509,76.704,77.266,89991,1.00361095,56.22081183,0.10505556
2018,6,8,77.033,77.197,76.568,76.988,129820,0.99889715,53.60531808,0.06571044
2018,6,7,77.456,77.636,76.910,77.073,133822,0.99436202,54.53025683,0.04284144
2018,6,6,77.060,77.672,76.999,77.510,117111,1.00501796,59.42527272,0.00437459
2018,6,5,77.137,77.375,76.833,77.123,125495,0.99895083,56.19141721,-0.08928129
2018,6,4,76.315,77.228,76.315,77.204,112451,1.00925539,57.07552308,-0.16811796
2018,6,1,76.120,76.584,76.071,76.496,130889,1.00414807,50.79149670,-0.27454415
2018,5,31,76.037,76.448,75.641,76.180,161124,1.00109071,47.61296967,-0.33430203
2018,5,30,75.032,76.276,74.596,76.097,245265,1.01465372,46.77445199,-0.37353768
2018,5,29,75.920,75.958,74.552,74.998,212898,0.98772554,33.73319737,-0.40973247
2018,5,28,75.960,76.262,75.749,75.930,102180,1.00302506,41.79787409,-0.33807224
2018,5,25,75.620,76.052,75.389,75.701,136161,0.99984151,38.44001189,-0.33658487
2018,5,24,76.088,76.314,75.354,75.713,155188,0.99482308,38.54822740,-0.30647430
2018,5,23,76.853,76.960,75.558,76.107,170959,0.98963643,42.16743483,-0.26480627
2018,5,22,77.096,77.493,76.799,76.904,105864,0.99734143,51.19609521,-0.24788735
2018,5,21,76.682,77.138,76.516,77.109,84644,1.00631648,53.95534799,-0.30383612
2018,5,18,76.134,76.738,76.117,76.625,94060,1.00617162,47.78585237,-0.39170037
2018,5,17,76.095,76.434,76.020,76.155,107187,1.00092002,40.61041140,-0.44886966
2018,5,16,75.684,76.244,75.584,76.085,108657,1.00487347,39.45982409,-0.46745490
2018,5,15,75.772,76.076,75.623,75.716,111230,0.99916864,33.11722615,-0.47724980
2018,5,14,76.090,76.231,75.754,75.779,84650,0.99487981,33.67657260,-0.44523894
2018,5,11,76.128,76.364,76.052,76.169,84090,1.00021010,37.29774208,-0.40431978
2018,5,10,76.610,76.610,75.804,76.153,111958,0.99426833,37.03983843,-0.38592013
2018,5,9,76.032,76.789,75.926,76.592,92032,1.00741832,41.37574585,-0.35519301
2018,5,8,76.479,76.590,75.896,76.028,91544,0.99345346,31.85999712,-0.35550578
2018,5,7,76.585,76.723,76.385,76.529,67215,0.99930793,36.78505035,-0.29330853
2018,5,4,76.856,76.947,76.246,76.582,79371,0.99634414,37.35224930,-0.26066682
2018,5,3,76.798,77.120,76.520,76.863,90577,1.00080728,40.42065802,-0.22060898
2018,5,2,76.920,77.182,76.781,76.801,98299,0.99843996,39.40074193,-0.19488266
2018,5,1,76.863,76.991,76.732,76.921,66805,1.00065044,40.65143128,-0.15289914
2018,4,30,77.215,77.326,76.838,76.871,78620,0.99497793,39.91348260,-0.10930709
2018,4,27,77.156,77.393,76.923,77.259,80973,1.00098467,43.84154920,-0.04698695
2018,4,26,77.305,77.428,77.141,77.183,85943,0.99829270,42.81798315,-0.00626581
2018,4,25,77.426,77.497,77.110,77.315,105172,0.99850189,44.11474486,0.05353850
2018,4,24,77.572,77.776,77.236,77.431,87821,0.99698706,45.23259834,0.11565181
2018,4,23,77.742,77.784,77.505,77.665,79399,1.00097952,47.48655173,0.18143786
2018,4,20,78.020,78.092,77.446,77.589,106917,0.99423365,46.68532916,0.23894022
2018,4,19,78.403,78.758,77.927,78.039,117077,0.99425405,50.96025378,0.31659684
2018,4,18,78.521,78.783,78.350,78.490,86485,0.99938883,55.70749155,0.36529170
2018,4,17,78.831,78.937,78.468,78.538,84972,0.99605575,56.22512201,0.37621071
2018,4,16,79.020,79.108,78.652,78.849,88707,0.99923963,59.55443637,0.37978792
2018,4,13,79.099,79.602,78.830,78.909,101529,0.99700553,60.19295897,0.34716408
2018,4,12,78.536,79.181,78.488,79.146,115859,1.00727976,62.65697770,0.29436546
2018,4,11,78.827,79.048,78.518,78.574,112826,0.99556535,58.88507182,0.19856263
2018,4,10,77.963,79.132,77.896,78.924,138144,1.01215759,62.47026064,0.13163519
2018,4,9,77.828,78.394,77.690,77.976,111851,1.00264884,55.68413926,0.00866039
2018,4,6,78.119,78.255,77.607,77.770,170155,0.99610626,54.00602624,-0.05190250
2018,4,5,77.957,78.219,77.813,78.074,115098,1.00108990,56.96177282,-0.10747329
2018,4,4,77.325,78.060,77.111,77.989,138386,1.00850888,56.34139612,-0.20779130
2018,4,3,76.322,77.450,76.154,77.331,126872,1.01230511,51.29479783,-0.32415660
2018,4,2,76.857,76.988,76.206,76.391,81983,0.99406613,42.47394054,-0.40096967
2018,3,30,76.916,77.038,76.679,76.847,60891,0.99872636,46.24678875,-0.39746969
2018,3,29,76.998,77.059,76.572,76.945,90908,0.99903920,47.08137742,-0.43365017
2018,3,28,76.526,77.163,76.422,77.019,140389,1.00646856,47.68475818,-0.48350016
2018,3,27,76.904,77.073,76.430,76.524,119307,0.99494234,43.16011565,-0.54762868
2018,3,26,75.654,76.979,75.651,76.913,113130,1.01528612,46.06755682,-0.57111450
2018,3,23,75.904,76.416,75.531,75.755,199824,0.99752446,33.72684343,-0.63239108
2018,3,22,76.653,76.763,75.815,75.943,173632,0.99106071,34.93181250,-0.58349842
2018,3,21,76.410,76.842,75.955,76.628,106835,1.00287928,39.73489832,-0.53174818
2018,3,20,76.750,77.037,76.336,76.408,102058,0.99584240,37.15800391,-0.52770698
2018,3,19,76.524,76.999,76.069,76.727,96677,1.00372832,39.42796499,-0.49247321
2018,3,16,77.374,77.386,76.401,76.442,80750,0.98771207,36.19430014,-0.47281885
2018,3,15,77.666,77.762,77.096,77.393,94278,0.99613865,43.36800012,-0.41183720
2018,3,14,77.986,78.288,77.627,77.693,90866,0.99579600,46.04103194,-0.42484118
2018,3,13,77.637,78.615,77.551,78.021,99117,1.00510145,49.11437666,-0.46580492
2018,3,12,77.807,78.157,77.545,77.625,109486,0.99767370,44.99834565,-0.54471057
2018,3,9,77.127,77.999,77.005,77.806,160729,1.00990356,46.59808915,-0.59717981
2018,3,8,77.163,77.375,76.856,77.043,142000,0.99684294,37.96533146,-0.67389248
2018,3,7,77.313,77.422,76.770,77.287,175646,0.99863037,39.87969857,-0.68431639
2018,3,6,76.692,77.658,76.669,77.393,157094,1.00874586,40.70772893,-0.71251104
2018,3,5,76.207,76.772,75.918,76.722,125874,1.00288885,32.46534048,-0.74892660
2018,3,2,76.970,77.258,76.140,76.501,167496,0.99386798,29.46662884,-0.71619262
2018,3,1,76.873,77.698,76.608,76.973,159639,1.00132690,32.31198525,-0.64149298
2018,2,28,77.587,77.802,76.839,76.871,133924,0.98999330,30.97449915,-0.58487646
2018,2,27,78.028,78.107,77.625,77.648,134578,0.99411072,36.00722558,-0.49372045
2018,2,26,78.048,78.304,77.760,78.108,121743,1.00242560,39.53885609,-0.44930356
2018,2,23,78.326,78.391,77.633,77.919,122620,0.99457521,37.18844159,-0.43291250
2018,2,22,78.822,78.858,78.202,78.344,143950,0.99392309,40.47381455,-0.38645101
2018,2,21,78.800,79.283,78.724,78.823,151553,0.99979705,44.59711902,-0.36480087
2018,2,20,78.535,78.928,78.443,78.839,136217,1.00373030,44.73848742,-0.38063213
2018,2,19,78.375,78.784,78.235,78.546,83780,0.99977089,41.59004794,-0.39693119
2018,2,16,78.565,78.778,78.311,78.564,153580,0.99938941,41.72565928,-0.38212846
2018,2,15,78.769,78.921,78.320,78.612,171785,0.99794348,42.06529594,-0.35950928
2018,2,14,78.378,78.920,77.642,78.774,200948,1.00437327,43.16644663,-0.33029704
2018,2,13,78.865,79.009,78.223,78.431,167154,0.99413137,40.08276906,-0.30470181
2018,2,12,78.838,79.083,78.484,78.894,162573,0.99956923,43.00767789,-0.23267734
2018,2,9,78.433,79.060,78.082,78.928,256109,1.00588790,43.22274809,-0.18450533
2018,2,8,79.081,79.288,78.272,78.466,226054,0.99246161,39.39897055,-0.12379845
2018,2,7,80.392,80.566,78.909,79.062,200837,0.98341937,42.85640182,0.00252632
2018,2,6,79.181,80.525,78.796,80.395,294880,1.01428157,52.40771570,0.10304228
2018,2,5,80.271,80.517,79.207,79.263,201995,0.98632438,42.26035451,0.09411476
2018,2,2,80.872,81.021,80.355,80.362,193405,0.99344805,52.31622152,0.19660924
2018,2,1,80.306,81.060,80.299,80.892,167831,1.00598177,58.55571230,0.21267152
2018,1,31,79.699,80.908,79.651,80.411,182926,1.00856663,53.92482402,0.17611578
2018,1,30,79.719,79.928,79.155,79.728,163775,0.99992475,45.96366169,0.17587023
2018,1,29,79.773,79.989,79.612,79.734,147869,0.99795987,46.02853746,0.24254052
2018,1,26,80.078,80.421,79.586,79.897,177229,0.99747812,47.72792374,0.32349728
2018,1,25,80.075,80.589,79.943,80.099,207615,0.99835475,49.84565742,0.40552577
2018,1,24,81.083,81.177,80.223,80.231,158830,0.98963871,51.22482541,0.48375813
2018,1,23,81.225,81.558,80.748,81.071,132455,0.99782148,61.23688981,0.56313458
2018,1,22,80.449,81.258,80.441,81.248,101848,1.00792715,63.67189692,0.57072947
2018,1,19,81.052,81.090,80.423,80.609,139064,0.99437488,58.08457209,0.55409998
2018,1,18,80.878,81.261,80.657,81.065,142562,1.00211388,64.67607008,0.58987688
2018,1,17,80.228,81.180,80.138,80.894,132219,1.00756038,63.22279218,0.58053210
2018,1,16,80.628,81.020,80.173,80.287,112016,0.99559783,57.45305651,0.57757157
2018,1,15,80.362,80.863,80.313,80.642,99655,1.00178886,62.80385296,0.62719545
2018,1,12,80.729,80.892,80.386,80.498,111372,0.99654605,61.45158979,0.64526526
2018,1,11,80.159,80.778,80.106,80.777,104556,1.00732011,65.75220528,0.67360506
2018,1,10,80.640,80.654,79.988,80.190,113205,0.99433333,60.32807690,0.67157179
2018,1,9,81.101,81.308,80.562,80.647,87333,0.99404659,68.12852903,0.71897554
2018,1,8,80.970,81.262,80.926,81.130,58176,1.00159257,78.03022014,0.72249124
2018,1,5,80.609,81.256,80.599,81.001,67465,1.00456389,77.20872131,0.66729140
2018,1,4,79.735,80.734,79.714,80.633,64286,1.01117353,74.70305812,0.60026483
2018,1,3,79.722,79.913,79.474,79.742,60556,0.99973672,66.39744994,0.54345251
2018,1,2,80.019,80.296,79.430,79.763,62855,0.99871034,66.87800553,0.55375457
2017,12,29,79.933,80.158,79.795,79.866,44953,0.99856216,69.15764235,0.55671095
2017,12,28,79.931,80.144,79.767,79.981,40055,1.00113907,71.69115973,0.54189947
2017,12,27,79.649,80.158,79.561,79.890,44391,1.00233363,70.90806336,0.50340339
2017,12,26,79.511,79.722,79.419,79.704,26634,1.00233909,69.29602801,0.45621160
2017,12,22,79.454,79.609,79.350,79.518,45181,1.00049070,67.63049476,0.40828010
2017,12,21,79.464,79.639,79.243,79.479,53021,1.00032724,67.28497492,0.36010164
2017,12,20,78.671,79.460,78.528,79.453,67676,1.01009420,67.06736058,0.29734147
2017,12,19,78.663,79.019,78.615,78.659,66567,0.99963146,59.41124542,0.21555897
2017,12,18,78.835,79.190,78.649,78.688,55776,0.99942845,59.88339669,0.18888300
2017,12,15,78.434,78.982,78.357,78.733,85340,1.00308316,60.57706290,0.14913465
2017,12,14,78.986,79.201,78.383,78.491,87333,0.99336835,58.15665429,0.09165025
2017,12,13,78.679,79.181,78.584,79.015,77846,1.00404081,66.34678502,0.04158615
2017,12,12,78.446,78.882,78.344,78.697,64935,1.00339152,63.44584087,-0.07627145
2017,12,11,77.614,78.589,77.575,78.431,68855,1.01098235,60.82272894,-0.19321303
2017,12,8,77.206,77.799,77.179,77.579,74148,1.00451897,50.19233117,-0.31257900
2017,12,7,77.247,77.418,76.924,77.230,73921,1.00031086,44.46013121,-0.37363769
2017,12,6,77.368,77.543,77.089,77.206,94305,0.99767400,44.04894883,-0.41060151
2017,12,5,77.054,77.728,77.054,77.386,93381,1.00390478,46.44354097,-0.44936476
2017,12,4,77.360,77.581,76.984,77.085,90223,0.99743799,41.50592651,-0.51063182
2017,12,1,76.818,77.437,76.723,77.283,145385,1.00503277,43.98279021,-0.55075622
2017,11,30,76.948,77.153,76.580,76.896,98938,0.99870123,37.17887667,-0.61411854
2017,11,29,76.869,77.232,76.752,76.996,103021,1.00166519,38.29492470,-0.64665564
2017,11,28,76.750,77.332,76.723,76.868,93580,1.00138089,36.01189721,-0.68896073
2017,11,27,76.689,76.912,76.325,76.762,80985,1.00148732,34.13804167,-0.71990344
2017,11,24,76.583,76.820,76.460,76.648,61181,1.00086182,32.15388407,-0.73813353
2017,11,23,76.502,76.774,76.274,76.582,52168,1.00082332,31.03698960,-0.73905800
2017,11,22,76.744,76.937,76.414,76.519,73989,0.99683437,30.01581743,-0.72276802
2017,11,21,76.628,76.884,76.373,76.762,80206,1.00134361,31.69686544,-0.68504854
2017,11,20,76.292,76.725,76.079,76.659,88539,1.00308808,30.15730335,-0.65168226
2017,11,17,77.392,77.493,76.206,76.423,99526,0.98776011,26.63918182,-0.58912845
2017,11,16,77.570,77.619,77.298,77.370,78835,0.99747312,32.79438898,-0.47668882
2017,11,15,77.953,78.097,77.509,77.566,110048,0.99453790,34.31833436,-0.42266313
2017,11,14,78.370,78.437,77.805,77.992,88100,0.99474517,37.87001745,-0.36751523
2017,11,13,78.549,78.784,78.209,78.404,68823,0.99684687,41.75037083,-0.33515533
2017,11,10,78.778,78.892,78.433,78.652,87148,0.99875556,44.28678213,-0.33092644
2017,11,9,79.256,79.450,78.638,78.750,107808,0.99459446,45.29653248,-0.34596626
2017,11,8,78.595,79.389,78.484,79.178,77738,1.00671329,49.91155701,-0.37010850
2017,11,7,78.909,79.140,78.499,78.650,80201,0.99620013,43.29320903,-0.43911755
2017,11,6,78.737,79.162,78.567,78.950,82065,1.00276889,46.53748367,-0.46705103
2017,11,3,78.808,79.204,78.732,78.732,76099,0.99899760,43.69018870,-0.52645630
2017,11,2,78.574,78.973,78.558,78.811,86327,1.00306733,44.48746086,-0.57242511
2017,11,1,77.724,78.964,77.661,78.570,95396,1.01081964,41.46145423,-0.63081549
2017,10,31,77.802,77.863,77.334,77.729,79960,0.99965276,28.90341650,-0.67162916
2017,10,30,78.034,78.153,77.640,77.756,79181,0.99528954,29.08945314,-0.62832400
2017,10,27,77.881,78.255,77.849,78.124,109904,1.00130732,31.66925618,-0.56666070
2017,10,26,78.297,78.372,77.825,78.022,97096,0.99642410,30.07314681,-0.51718266
2017,10,25,78.667,78.710,77.923,78.302,109312,0.99576524,31.97711157,-0.43612258
2017,10,24,78.992,79.346,78.303,78.635,90787,0.99551836,34.38091519,-0.35482594
2017,10,23,79.112,79.472,78.911,78.989,82215,0.99958239,37.13664589,-0.27980620
2017,10,20,79.055,79.230,78.805,79.022,99494,0.99910232,37.39610667,-0.21602747
2017,10,19,80.676,80.942,78.888,79.093,97607,0.97935859,37.92547728,-0.13484040
2017,10,18,80.399,80.785,80.179,80.760,73572,1.00401556,54.85485972,-0.03648395
2017,10,17,80.414,80.842,80.261,80.437,83124,0.99996271,50.91243125,-0.08014558
2017,10,16,80.125,80.482,80.122,80.440,70934,1.00279246,50.95080533,-0.10182068
2017,10,13,79.904,80.527,79.833,80.216,92969,1.00216134,48.24623611,-0.12831041
2017,10,12,79.538,80.173,79.477,80.043,82736,1.00482055,46.11542943,-0.13744734
2017,10,11,79.438,79.710,79.257,79.659,81774,1.00208823,41.11877416,-0.12949560
2017,10,10,79.541,79.838,79.255,79.493,90458,0.99893187,38.84232416,-0.07836453
2017,10,9,79.458,79.810,79.390,79.578,53475,0.99666850,39.56971930,0.00493897
2017,10,6,80.229,80.332,79.779,79.844,95137,0.99454423,41.84694997,0.10253814
2017,10,5,80.751,80.802,80.200,80.282,85421,0.99388432,45.88449932,0.19853507
2017,10,4,80.745,81.116,80.635,80.776,89860,1.00022289,51.04213974,0.27357792
2017,10,3,81.088,81.247,80.634,80.758,97622,0.99579526,50.85523375,0.31508239
2017,10,2,81.131,81.385,80.885,81.099,105724,0.99977810,54.51645144,0.36530689
2017,9,29,81.229,81.413,81.022,81.117,135875,0.99803142,54.70950871,0.38937806
2017,9,28,81.193,81.645,80.965,81.277,161973,1.00108389,56.35678942,0.41260522
2017,9,27,80.845,81.530,80.828,81.189,181737,1.00406876,55.67518924,0.41995909
2017,9,26,81.108,81.327,80.478,80.860,161341,0.99650005,53.13423245,0.43219680
2017,9,25,81.829,82.196,80.900,81.144,169591,0.98827140,55.69335775,0.47502825
2017,9,22,82.129,82.237,81.354,82.107,152891,0.99926978,65.64897934,0.49387089
2017,9,21,82.487,82.736,82.044,82.167,165410,0.99633802,66.33501723,0.41268647
2017,9,20,81.595,82.685,81.390,82.469,166512,1.01038948,69.74130393,0.29695383
2017,9,19,80.941,81.772,80.887,81.621,147921,1.00700776,65.06374924,0.11416846
2017,9,18,80.804,81.641,80.752,81.053,131171,1.00335471,61.34741270,-0.03445094
2017,9,15,79.552,81.032,79.203,80.782,141866,1.01445417,59.43571676,-0.16580951
2017,9,14,79.930,80.339,79.519,79.631,131332,0.99605984,49.60601619,-0.30346631
2017,9,13,80.231,80.372,79.848,79.946,144252,0.99566593,52.86126813,-0.35755966
2017,9,12,79.276,80.350,78.927,80.294,161635,1.01202420,56.67665399,-0.45347431
2017,9,11,78.550,79.368,78.247,79.340,144218,1.01343756,46.92508101,-0.60473301
2017,9,8,78.374,79.153,78.191,78.288,107563,0.99793499,31.02843771,-0.69186346
2017,9,7,78.585,78.721,78.179,78.450,73509,0.99804081,32.41679336,-0.68589740
2017,9,6,78.661,78.841,78.339,78.604,78340,0.99876749,33.74980236,-0.68480039
2017,9,5,78.521,79.079,78.270,78.701,86759,1.00230515,34.58151514,-0.68911948
2017,9,4,78.283,78.825,78.265,78.520,83498,0.99551183,31.66357377,-0.69448501
2017,9,1,78.882,79.108,78.727,78.874,84193,0.99963246,34.45459565,-0.67280269
2017,8,31,79.332,79.624,78.745,78.903,94001,0.99441686,34.68718101,-0.67138558
2017,8,30,79.495,79.893,79.255,79.346,83737,0.99742304,38.36033045,-0.66276395
2017,8,29,79.210,79.659,78.274,79.551,94384,1.00364614,40.18903092,-0.68722487
2017,8,28,79.010,79.347,78.863,79.262,89335,1.00206071,36.20809578,-0.72932263
2017,8,25,78.997,79.314,78.848,79.099,90562,1.00211575,33.90408801,-0.74302089
2017,8,24,78.700,79.022,78.478,78.932,101064,1.00252753,31.55216964,-0.73310091
2017,8,23,79.688,79.907,78.552,78.733,92607,0.98763156,28.74670689,-0.69277249
2017,8,22,79.799,80.086,79.542,79.719,93454,0.99874717,35.42743288,-0.61096026
2017,8,21,79.941,79.991,79.594,79.819,112280,0.99972445,36.22016114,-0.59804413
2017,8,18,79.731,80.317,79.522,79.841,119257,1.00090261,36.38648815,-0.58304144
2017,8,17,80.538,80.588,79.724,79.769,135975,0.99041482,35.48618184,-0.55765195
2017,8,16,80.016,80.594,79.930,80.541,157800,1.00620909,41.30669835,-0.50980352
2017,8,15,79.826,80.586,79.826,80.044,151688,1.00215345,34.92606604,-0.51991984
2017,8,14,79.725,80.186,79.679,79.872,135651,0.99987482,32.57040328,-0.47466584
2017,8,11,79.375,79.921,79.071,79.882,137278,1.00524759,32.63418051,-0.39248831
2017,8,10,80.686,81.099,79.435,79.465,114249,0.98465980,27.10732985,-0.28290917
2017,8,9,80.791,80.872,80.213,80.703,106222,0.99835469,35.03015562,-0.09647311
2017,8,8,81.472,81.555,80.784,80.836,110123,0.99168241,36.08219657,0.01683943
2017,8,7,81.904,82.148,81.388,81.514,110100,0.99370962,42.06179070,0.14768068
2017,8,4,81.756,82.241,81.715,82.030,147378,1.00295887,47.64132416,0.24350089
2017,8,3,82.203,82.270,81.677,81.788,158356,0.99410499,44.43119767,0.30972230
2017,8,2,82.355,82.481,81.876,82.273,171931,0.99826490,50.15358370,0.41437986
2017,8,1,82.793,82.993,82.283,82.416,171440,0.99527818,51.98670428,0.49255179
2017,7,31,83.039,83.111,82.539,82.807,147007,0.99484598,57.30452938,0.57060321
2017,7,28,83.255,83.386,82.945,83.236,178222,0.99920770,63.97142472,0.62211462
2017,7,27,83.539,83.897,83.038,83.302,211415,0.99672155,65.05261317,0.63513296
2017,7,26,82.924,83.632,82.893,83.576,179313,1.00704896,69.58640656,0.63579081
2017,7,25,82.566,83.011,82.327,82.991,161278,1.00446612,64.71039931,0.59948441
2017,7,24,82.638,82.843,82.284,82.622,143267,0.99746475,61.05314819,0.60398810
2017,7,21,82.706,83.163,82.588,82.832,147492,1.00074906,64.59055751,0.63852208
2017,7,20,82.401,83.026,82.205,82.770,154438,1.00604086,64.01902908,0.65193059
2017,7,19,82.305,82.760,82.103,82.273,127516,0.99878601,59.10588393,0.66587482
2017,7,18,82.372,82.608,81.663,82.373,165610,0.99983007,60.65327432,0.72459091
2017,7,17,82.537,82.801,82.307,82.387,115146,0.99699885,60.86040641,0.77881267
2017,7,14,82.854,83.163,82.440,82.635,101176,0.99669517,64.48262626,0.83526572
2017,7,13,82.116,83.260,82.053,82.909,122037,1.00954642,68.67595452,0.86992011
2017,7,12,82.268,82.330,81.917,82.125,142764,0.99792213,62.13329215,0.87360014
2017,7,11,82.915,82.970,82.153,82.296,142544,0.99225928,64.87782419,0.94541575
2017,7,10,82.776,83.146,82.776,82.938,118403,1.00101383,76.68701073,1.00591616
2017,7,7,82.320,83.038,82.270,82.854,145290,1.00624241,76.15978891,1.00313791
2017,7,6,82.502,82.590,82.049,82.340,145403,0.99758902,72.64470250,0.99355349
2017,7,5,82.504,82.632,82.083,82.539,135626,1.00014541,76.71089794,1.01920313
2017,7,4,82.635,82.719,82.038,82.527,120107,0.99802878,76.63767556,1.01685482
2017,7,3,82.122,82.816,82.066,82.690,117873,1.00383616,79.80234552,1.00028872
2017,6,30,81.825,82.474,81.688,82.374,160064,1.00668484,78.18035394,0.94799833
2017,6,29,81.961,82.349,81.398,81.827,154291,0.99750098,74.94640403,0.89964226
2017,6,28,81.622,82.083,81.289,82.032,143614,1.00467851,79.02224076,0.88053117
2017,6,27,81.454,81.871,81.373,81.650,132984,1.00198802,76.84317791,0.82245801
2017,6,26,80.946,81.594,80.886,81.488,100941,1.00595018,75.85554624,0.77526707
2017,6,23,80.821,81.167,80.717,81.006,115397,1.00215261,72.63054789,0.72025220
2017,6,22,80.421,80.982,80.108,80.832,170462,1.00491068,71.34765681,0.68863319
2017,6,21,80.650,80.730,80.257,80.437,165103,0.99738369,68.20621455,0.65597572
2017,6,20,80.593,81.102,80.524,80.648,159437,1.00065761,72.12885643,0.64496962
2017,6,19,80.382,81.004,80.286,80.595,164145,1.00302419,71.74990517,0.60005683
2017,6,16,79.890,80.631,79.818,80.352,185983,1.00565707,70.01414073,0.53940003
2017,6,15,79.455,79.986,78.959,79.900,246893,1.00392019,66.45407400,0.47887591
2017,6,14,79.414,79.992,79.241,79.588,248380,1.00220367,63.69103521,0.44068147
2017,6,13,79.084,79.546,78.998,79.413,141804,1.00413474,62.06360635,0.41728883
2017,6,12,79.455,79.622,78.933,79.086,167858,0.99442970,58.86448986,0.39917985
2017,6,9,79.294,79.739,78.959,79.529,253883,1.00291306,65.85005314,0.40355449
2017,6,8,78.960,79.549,78.813,79.298,225384,1.00435697,63.76814183,0.35816279
2017,6,7,78.565,79.034,78.471,78.954,207261,1.00514322,60.43255728,0.31853683
2017,6,6,78.787,78.870,78.375,78.550,208915,0.99697924,56.01678627,0.29835189
2017,6,5,78.702,78.963,78.652,78.788,135362,0.99968279,59.65891079,0.30938345
2017,6,2,78.557,79.114,78.530,78.813,146919,1.00337373,60.03967252,0.29473088
2017,6,1,78.427,78.737,78.294,78.548,138496,1.00173443,57.36108862,0.26919643
2017,5,31,78.594,78.952,78.362,78.412,261914,0.99769700,55.95410177,0.25967141
2017,5,30,78.454,78.704,77.977,78.593,214769,1.00178451,58.33287073,0.25758426
2017,5,29,78.441,78.898,78.345,78.453,108903,0.99890500,57.02053137,0.23274452
2017,5,26,78.480,78.676,78.118,78.539,248649,1.00070078,58.06367186,0.21190916
2017,5,25,78.447,78.855,78.447,78.484,235505,0.99983439,57.60307020,0.17347698
2017,5,24,78.312,78.719,78.172,78.497,240823,1.00217039,57.74226560,0.12750024
2017,5,23,77.802,78.398,77.632,78.327,270163,1.00659264,56.46482580,0.06563902
2017,5,22,76.830,77.858,76.802,77.814,202695,1.01061080,52.43581884,0.00303594
2017,5,19,76.858,77.292,76.482,76.997,263677,1.00183460,44.89398930,-0.02467978
2017,5,18,76.883,77.199,76.256,76.856,356646,0.99967482,43.45722279,0.02348932
2017,5,17,77.774,77.872,76.764,76.881,107208,0.98770523,43.64457278,0.09898530
2017,5,16,78.271,78.493,77.757,77.838,72788,0.99442982,51.54317253,0.19136039
2017,5,15,77.542,78.466,77.542,78.274,64410,1.00717999,55.81656557,0.20904117
2017,5,12,77.946,77.954,77.529,77.716,71726,0.99662730,50.98739550,0.18417495
2017,5,11,78.335,78.433,77.645,77.979,78081,0.98515552,53.54893300,0.20657225
2017,5,10,78.551,79.353,78.345,79.154,74074,1.00712523,67.64799631,0.20537648
2017,5,9,78.204,78.894,78.048,78.594,75303,1.00496126,63.38112089,0.08122658
2017,5,8,77.955,78.270,77.606,78.206,105094,1.00342576,59.98579054,-0.02139714
2017,5,5,77.177,78.074,76.967,77.939,72634,1.00912810,57.46573092,-0.11256563
2017,5,4,77.489,77.746,77.004,77.234,74234,0.99605365,49.69840554,-0.20010700
2017,5,3,77.641,78.009,77.363,77.540,66986,0.99845480,53.64683374,-0.23714916
2017,5,2,77.219,77.722,77.160,77.660,64105,1.00538553,55.24510591,-0.31213535
2017,5,1,76.483,77.301,76.372,77.244,45127,1.01000275,50.49766307,-0.41552302
2017,4,28,76.480,76.636,76.339,76.479,69705,0.99992155,39.54761359,-0.49908295
2017,4,27,76.491,76.972,76.108,76.485,75506,0.99964711,39.61142760,-0.52058551
2017,4,26,77.135,77.367,76.388,76.512,95253,0.99110092,39.88032228,-0.54106936
2017,4,25,76.957,77.252,76.659,77.199,73900,1.00262348,47.49847500,-0.56209318
2017,4,24,77.825,77.887,76.925,76.997,92983,1.00368903,44.60955288,-0.65070041
2017,4,21,76.590,76.784,76.306,76.714,129293,1.00168440,40.33878049,-0.73376346
2017,4,20,76.181,76.760,76.181,76.585,205532,1.00534275,38.32601989,-0.80029464
2017,4,19,76.300,76.565,76.055,76.178,196867,0.99845339,31.56178490,-0.86043743
2017,4,18,76.286,76.626,76.176,76.296,213455,1.00022287,32.52206457,-0.88324604
2017,4,17,76.044,76.405,75.852,76.279,147478,1.00414670,32.24629173,-0.91152546
2017,4,14,76.274,76.425,75.913,75.964,58996,0.99594876,27.12162890,-0.93263081
2017,4,13,75.828,76.570,75.828,76.273,179660,1.00492760,29.12847078,-0.91393065
2017,4,12,76.218,76.344,75.660,75.899,194881,0.99582770,22.70003803,-0.90823073
2017,4,11,77.182,77.219,76.108,76.217,216696,0.98766344,24.45110443,-0.84966493
2017,4,10,76.973,77.422,76.942,77.169,176582,1.00241612,31.12560899,-0.79493309
2017,4,7,77.200,77.368,76.659,76.983,185965,0.99702123,27.53698231,-0.81044361
2017,4,6,77.056,77.455,76.850,77.213,85290,1.00201147,29.28928654,-0.79951422
2017,4,5,77.196,77.507,77.028,77.058,81018,0.99807012,26.35673693,-0.79735323
2017,4,4,77.721,77.808,76.943,77.207,133464,0.99341216,27.36995789,-0.76721533
2017,4,3,77.961,78.133,77.560,77.719,193647,0.99656353,31.19660955,-0.73275982
2017,3,31,78.223,78.393,77.834,77.987,239021,0.99700848,33.47116078,-0.73025466
2017,3,30,78.020,78.325,77.754,78.221,182523,1.00202401,35.57405836,-0.74372254
2017,3,29,77.880,78.143,77.695,78.063,75692,1.00152674,32.93214666,-0.77392013
2017,3,28,77.917,78.111,77.455,77.944,78073,1.00038504,30.95192273,-0.78511894
2017,3,27,77.954,78.123,77.626,77.914,88915,0.99663584,30.47135648,-0.77587641
2017,3,24,77.937,78.274,77.782,78.177,87262,1.00291212,32.30145099,-0.74973957
2017,3,23,78.313,78.506,77.824,77.950,93571,0.99579708,28.87794203,-0.73225234
2017,3,22,78.618,78.738,78.005,78.279,99039,0.99549807,30.98683576,-0.67616860
2017,3,21,79.404,79.578,78.565,78.633,88425,0.99065197,33.42572436,-0.62824836
2017,3,20,79.010,79.554,79.004,79.375,56670,1.00403511,39.47252420,-0.59399018
2017,3,17,79.113,79.495,78.847,79.056,65582,0.99905220,34.76108502,-0.61717353
2017,3,16,79.831,79.872,78.828,79.131,90811,0.99140534,35.36201508,-0.60530683
2017,3,15,79.377,79.918,79.346,79.817,79479,1.00560651,41.44769583,-0.58899252
2017,3,14,79.513,79.566,79.280,79.372,67349,0.99811373,34.67602260,-0.62944963
2017,3,13,79.564,79.671,79.368,79.522,66924,1.00147346,35.97841109,-0.62662289
2017,3,10,79.262,80.048,79.211,79.405,92042,1.00180414,34.18811222,-0.62917315
2017,3,9,79.024,79.415,78.888,79.262,92853,1.00258038,32.03098603,-0.61136388
2017,3,8,79.235,79.474,78.957,79.058,81304,0.99760246,28.94588134,-0.56518022
2017,3,7,79.546,79.923,79.214,79.248,73682,0.99514033,30.12858637,-0.47724135
2017,3,6,79.953,80.225,79.600,79.635,107639,0.99203976,32.65189728,-0.37740314
2017,3,3,80.760,80.816,80.149,80.274,270862,0.99404371,37.46242990,-0.28388741
2017,3,2,81.185,81.493,80.733,80.755,271410,0.99474021,41.76310968,-0.22545988
2017,3,1,81.047,81.457,80.646,81.182,343520,1.00170278,46.12833934,-0.19658024
2017,2,28,81.039,81.117,80.652,81.044,279528,1.00044440,44.38379444,-0.20033634
2017,2,27,80.694,81.227,80.499,81.008,262683,1.00442648,43.94406849,-0.18816558
2017,2,24,81.393,81.580,80.524,80.651,260095,0.99083504,39.54245090,-0.16622887
2017,2,23,81.455,81.721,81.282,81.397,86569,0.99975435,46.65016299,-0.09946268
2017,2,22,81.329,81.437,80.834,81.417,81620,1.00022113,46.85985102,-0.08875438
2017,2,21,81.273,81.426,81.001,81.399,78106,1.00167358,46.65947971,-0.07583208
2017,2,20,81.168,81.329,80.947,81.263,59457,1.00283835,45.21005604,-0.05640279
2017,2,17,81.629,81.917,80.999,81.033,85795,0.99200597,42.76784938,-0.01693627
2017,2,16,82.369,82.586,81.672,81.686,101048,0.99067370,48.46281124,0.05710188
2017,2,15,81.861,82.500,81.817,82.455,93499,1.00694868,56.72235675,0.08428364
2017,2,14,81.547,81.894,81.333,81.886,87940,1.00340653,50.98251655,0.03945333
2017,2,13,81.733,82.086,81.482,81.608,75676,1.00121459,47.84427759,0.03959423
2017,2,10,81.322,81.863,81.319,81.509,86363,1.00178211,46.71620815,0.06750361
2017,2,9,81.273,81.505,80.649,81.364,88133,1.00100883,45.10131444,0.11222425
2017,2,8,82.006,82.149,81.166,81.282,96735,0.99082099,44.21346490,0.18243533
2017,2,7,81.773,82.498,81.602,82.035,93276,1.00290964,51.28595438,0.27774569
2017,2,6,82.131,82.442,81.654,81.797,94400,0.99408147,48.88627866,0.31868734
2017,2,3,82.234,82.554,81.916,82.284,104382,1.00079057,53.93442240,0.39054105
2017,2,2,82.345,82.577,82.037,82.219,111452,0.99782762,53.33722904,0.42698646
2017,2,1,82.466,82.665,82.063,82.398,101908,0.99963605,55.16602447,0.47391153
2017,1,31,82.799,82.926,82.316,82.428,120439,0.99473837,55.46197118,0.50868626
2017,1,30,83.391,83.583,82.694,82.864,97519,0.99202682,59.79065317,0.54261785
2017,1,27,82.919,83.788,82.827,83.530,82078,1.00698002,67.23369416,0.53364155
2017,1,26,82.611,83.013,82.475,82.951,92310,1.00377546,63.57303070,0.44661155
2017,1,25,82.438,82.735,82.040,82.639,107164,1.00243820,61.41613366,0.38798619
2017,1,24,81.508,82.557,81.427,82.438,103790,1.01153403,59.99925982,0.33928274
2017,1,23,81.883,82.047,81.397,81.498,118067,0.99370839,52.41023213,0.29264986
2017,1,20,82.479,82.848,81.940,82.014,115640,0.99357918,58.02126006,0.32458172
2017,1,19,81.630,82.723,81.590,82.544,114803,1.01118448,64.61955620,0.30807902
2017,1,18,81.230,81.760,81.094,81.631,109082,1.00478816,56.75241970,0.22857078
2017,1,17,81.046,81.486,80.899,81.242,131995,1.00193624,52.58083094,0.21672469
2017,1,16,81.189,81.617,80.745,81.085,86165,0.99400544,50.80234921,0.23805968
2017,1,13,81.199,81.902,81.199,81.574,115880,1.00139946,56.98349640,0.27781366
2017,1,12,81.347,81.626,80.955,81.460,131190,1.00077398,55.81984242,0.27472417
2017,1,11,80.899,81.491,80.750,81.397,127653,1.00651663,55.19791749,0.27839215
2017,1,10,81.207,81.449,80.709,80.870,104694,0.99340352,49.69764213,0.28543903
2017,1,9,81.449,81.761,81.311,81.407,86397,1.00043012,56.22937600,0.34393975
2017,1,6,81.024,81.610,80.864,81.372,96541,1.00461740,55.87841987,0.35892882
2017,1,5,81.706,81.725,80.954,80.998,124485,0.99196610,52.06474173,0.37640317
2017,1,4,81.403,81.822,81.185,81.654,91115,1.00288630,60.59534619,0.43131185
2017,1,3,81.292,82.012,81.131,81.419,86731,1.00076207,58.32389975,0.42832893
2017,1,2,80.969,81.600,80.964,81.357,57928,1.00500296,57.72692220,0.44221868
2016,12,30,81.102,81.461,80.926,80.952,91460,0.99819971,53.70449291,0.45982751
2016,12,29,81.047,81.168,80.674,81.098,76527,1.00083920,55.47137106,0.51685074
2016,12,28,80.861,81.514,80.859,81.030,58469,1.00178028,54.82863815,0.56724983
2016,12,27,80.783,81.096,80.629,80.886,41350,1.00189514,53.50908088,0.63025013
2016,12,26,80.566,80.975,80.530,80.733,26164,1.00101673,52.12940151,0.71615597
2016,12,23,81.080,81.179,80.439,80.651,46170,0.99416942,51.41180798,0.83096442
2016,12,22,81.047,81.408,80.985,81.124,68692,1.00044396,55.90014206,0.97376409
2016,12,21,81.459,81.732,80.933,81.088,70191,0.99550667,55.62636060,1.09370455
2016,12,20,81.185,81.775,81.016,81.454,85292,1.00420401,59.08950913,1.23454922
2016,12,19,82.075,82.177,80.977,81.113,93638,0.98870063,56.76056488,1.35909570
2016,12,16,83.163,83.366,81.933,82.040,111043,0.98673370,66.28605284,1.53301363
2016,12,15,83.269,83.724,82.820,83.143,146807,0.99845086,81.37430403,1.63831233
2016,12,14,82.930,83.430,82.862,83.272,105758,1.00425717,83.43685255,1.63657630
2016,12,13,82.660,83.221,82.547,82.919,92452,1.00302411,82.29667625,1.59742120
2016,12,12,82.223,83.095,82.093,82.669,102210,1.00623197,81.45724724,1.56015166
2016,12,9,81.788,82.513,81.705,82.157,92717,1.00462221,79.61948381,1.51534360
2016,12,8,81.543,82.005,81.427,81.779,117601,1.00401463,78.13380190,1.48824178
2016,12,7,81.135,81.521,81.026,81.452,74984,1.00343710,76.77373158,1.47049011
2016,12,6,81.258,81.458,80.591,81.173,89682,0.99852386,75.56984354,1.45973813
2016,12,5,80.704,81.499,80.118,81.293,130360,1.00375360,77.16731238,1.45318940
2016,12,2,80.847,81.247,80.586,80.989,113977,1.00176879,75.97249885,1.41147537
2016,12,1,81.020,81.247,80.659,80.846,136807,0.99786470,75.41045346,1.36865527
2016,11,30,80.037,81.062,80.037,81.019,146256,1.01228197,77.44554815,1.30865354
2016,11,29,79.151,80.377,79.054,80.036,116702,1.01116838,73.70084300,1.19542001
2016,11,28,79.512,79.616,78.826,79.152,138577,0.99358548,69.46774530,1.13359219
2016,11,25,79.289,79.748,79.202,79.663,133014,1.00472959,76.03715380,1.12819608
2016,11,24,78.765,79.398,78.536,79.288,102566,1.00688289,74.38657442,1.05286945
2016,11,23,78.441,79.072,78.269,78.746,110732,1.00388827,71.77756379,0.97959264
2016,11,22,78.272,78.494,78.076,78.441,130161,1.00214633,70.19094628,0.92700162
2016,11,21,77.535,78.427,77.528,78.273,120214,1.00727081,69.30843234,0.87744723
2016,11,18,77.325,77.887,77.287,77.708,141286,1.00496612,66.18178779,0.81854040
2016,11,17,77.085,77.607,76.937,77.324,116939,1.00310047,63.85815297,0.78897510
2016,11,16,77.505,77.690,76.996,77.085,115738,0.99454250,62.36361437,0.77886120
2016,11,15,77.149,77.557,76.731,77.508,124559,1.00466636,66.91089114,0.77895785
2016,11,14,76.299,77.213,75.756,77.148,140195,1.01495836,64.88760150,0.72468182
2016,11,11,76.997,77.203,75.845,76.011,158259,0.98720713,57.21510418,0.68151958
2016,11,10,76.876,77.502,76.231,76.996,184229,1.00144371,69.41719973,0.73228313
2016,11,9,77.626,77.891,73.676,76.885,236818,0.99047975,68.71912045,0.68613359
2016,11,8,76.669,77.826,76.369,77.624,84597,1.01245614,80.00941803,0.62855167
2016,11,7,76.411,76.787,75.930,76.669,91918,1.01518763,75.10040296,0.47067001
2016,11,4,75.474,75.578,75.189,75.522,96658,0.99981466,65.70917971,0.35954585
2016,11,3,75.273,75.612,74.821,75.536,98001,1.00350728,65.99127530,0.32926671
2016,11,2,74.790,75.469,74.704,75.272,106831,1.00645817,63.22693646,0.28440473
2016,11,1,74.928,75.429,74.453,74.789,94360,0.99815821,57.33542269,0.24988773
2016,10,31,74.824,75.218,74.782,74.927,68170,0.99947976,59.88067625,0.25137494
2016,10,28,74.946,75.382,74.739,74.966,95406,1.00022682,60.58648104,0.23556589
2016,10,27,74.678,74.983,74.634,74.949,79452,1.00331990,60.39754289,0.20799047
2016,10,26,74.626,74.863,74.469,74.701,74045,1.00075022,57.64728250,0.17149980
2016,10,25,74.338,74.835,74.134,74.645,69640,1.00412979,57.02145440,0.14768080
2016,10,24,74.327,74.549,74.224,74.338,59451,1.00071347,53.52560088,0.12083283
2016,10,21,74.756,74.871,74.000,74.285,64943,0.99371280,52.91160106,0.11606567
2016,10,20,74.755,75.256,74.648,74.755,70317,0.99971916,59.37056650,0.11368918
2016,10,19,74.663,75.049,74.359,74.776,69873,1.00152688,59.67278785,0.06114770
2016,10,18,74.086,74.916,74.024,74.662,73324,1.00778835,58.61074402,-0.00894193
2016,10,17,73.978,74.270,73.664,74.085,76683,1.00425642,52.76416054,-0.08666445
2016,10,14,73.539,74.150,73.430,73.771,92678,1.00323664,49.13323083,-0.12585698
2016,10,13,73.551,73.659,73.002,73.533,99433,0.99979605,46.22386442,-0.14207935
2016,10,12,73.004,73.858,72.965,73.548,88335,1.00747925,46.37910894,-0.13648565
2016,10,11,73.907,74.032,72.731,73.002,90817,0.98778161,39.51267739,-0.12888809
2016,10,10,74.106,74.137,73.533,73.905,62391,1.00313543,49.18526047,-0.06172338
2016,10,7,74.427,74.546,73.500,73.674,109243,0.98994921,46.04798061,-0.06704080
2016,10,6,74.196,74.654,73.997,74.422,79711,1.00305951,56.54490208,-0.04933262
2016,10,5,74.134,74.327,73.672,74.195,81875,1.00082283,53.56181323,-0.10217299
2016,10,4,73.918,74.715,73.855,74.134,97510,1.00337010,52.75248684,-0.14501763
2016,10,3,73.668,73.937,73.492,73.885,72622,1.00092120,49.41059119,-0.19138271
2016,9,30,73.247,73.923,72.963,73.817,105265,1.00778189,48.48661908,-0.22242494
2016,9,29,73.271,74.099,73.028,73.247,102438,0.99945420,39.94982516,-0.25188721
2016,9,28,73.296,73.342,72.824,73.287,90351,0.99986357,40.38594459,-0.22779160
2016,9,27,72.950,73.872,72.691,73.297,107677,1.00472914,40.48855186,-0.19779624
2016,9,26,73.172,73.213,72.640,72.952,84765,0.99742959,35.21561417,-0.15765239
2016,9,23,73.630,73.773,72.961,73.140,88901,0.99341256,36.86857493,-0.06899384
2016,9,22,73.483,73.945,73.379,73.625,95085,1.00136008,41.53931637,0.02602843
2016,9,21,74.358,74.979,73.525,73.525,126419,0.98879744,40.08609876,0.09755100
2016,9,20,74.306,74.872,74.234,74.358,74223,1.00082103,49.62851513,0.19760269
2016,9,19,74.117,74.638,74.117,74.297,78204,0.99993271,48.79973965,0.23761626
2016,9,16,74.654,74.770,74.125,74.302,77006,0.99527158,48.86092809,0.29144281
2016,9,15,74.555,74.774,74.048,74.655,99186,1.00132786,53.23701066,0.35539679
2016,9,14,74.339,75.217,74.189,74.556,118928,1.00293255,52.12027272,0.39591411
2016,9,13,74.871,74.988,74.050,74.338,130571,0.99289435,49.66228852,0.45195018
2016,9,12,75.097,75.357,74.305,74.870,120906,0.99647302,56.20014377,0.53909513
2016,9,9,75.802,75.858,75.102,75.135,115896,0.99121384,59.84415646,0.58831513
2016,9,8,75.766,75.985,75.357,75.801,108267,1.00046195,70.51409917,0.61559861
2016,9,7,75.644,75.946,75.033,75.766,105589,1.00162606,70.25530229,0.57365717
2016,9,6,75.465,75.969,75.465,75.643,139551,1.00238527,69.37824682,0.51534419
2016,9,5,75.736,76.052,75.422,75.463,78144,0.99805581,68.10007304,0.44594334
2016,9,2,75.138,75.980,75.118,75.610,111671,1.00629517,70.32613235,0.36920344
2016,9,1,74.945,75.388,74.690,75.137,100831,1.00253512,67.11427952,0.25091792
2016,8,31,74.290,75.108,74.264,74.947,96587,1.00883014,65.73073198,0.14445286
2016,8,30,73.890,74.437,73.830,74.291,92170,1.00544059,60.38777725,0.02580906
2016,8,29,73.754,74.127,73.483,73.889,90993,1.00368116,56.53129928,-0.05920625
2016,8,26,73.302,74.008,73.297,73.618,102651,1.00359899,53.71028901,-0.12592461
2016,8,25,73.413,73.695,73.260,73.354,68213,0.99919633,50.82335500,-0.18165714
2016,8,24,73.040,73.586,72.907,73.413,89086,1.00521689,51.48975753,-0.22326983
2016,8,23,72.910,73.481,72.862,73.032,82105,1.00164582,47.35015460,-0.27914246
2016,8,22,72.988,73.130,72.662,72.912,78343,1.00184122,46.00252584,-0.30760328
2016,8,19,72.775,73.020,72.553,72.778,69962,1.00030238,44.53032290,-0.32723723
2016,8,18,72.682,73.112,72.358,72.756,86999,1.00104568,44.29880106,-0.33389383
2016,8,17,72.983,73.425,72.214,72.680,86365,0.99584835,43.54290674,-0.33529344
2016,8,16,72.989,73.131,72.494,72.983,90704,1.00019186,45.84617207,-0.32446467
2016,8,15,72.650,73.052,72.570,72.969,56210,1.00194983,45.72299122,-0.33677464
2016,8,12,73.451,73.629,72.713,72.827,85691,0.99163955,44.53473321,-0.34616265
2016,8,11,72.772,74.262,72.733,73.441,119010,1.00789120,48.82660477,-0.33865189
2016,8,10,72.895,73.427,72.719,72.866,120816,0.99967074,44.14582400,-0.38665594
2016,8,9,73.090,73.311,72.768,72.890,73956,0.99729094,44.30288370,-0.38375703
2016,8,8,72.742,73.265,72.335,73.088,71888,1.00694368,45.54418541,-0.37691868
2016,8,5,72.506,72.983,72.482,72.584,89371,1.00106197,41.68204263,-0.38286801
2016,8,4,72.432,72.992,72.354,72.507,108061,1.00092490,41.08931710,-0.33357616
2016,8,3,72.969,73.098,72.205,72.440,105676,0.99264152,40.60153491,-0.25796981
2016,8,2,73.393,73.869,72.739,72.977,129493,0.99433188,43.26785346,-0.15089452
2016,8,1,73.598,74.176,73.346,73.393,99787,0.99858498,45.41314087,-0.06670905
2016,7,29,74.358,75.001,73.094,73.497,187122,0.98824811,45.94193269,-0.00064382
2016,7,28,74.532,74.713,73.997,74.371,116491,0.99792019,50.53367460,0.07309970
2016,7,27,73.730,74.704,73.730,74.526,157932,1.01083728,51.37932763,0.07717090
2016,7,26,73.995,74.157,73.178,73.727,121543,0.99668794,47.14560044,0.06546292
2016,7,25,74.161,74.611,73.899,73.972,90451,0.99684662,48.34421923,0.13091983
2016,7,22,73.927,74.368,73.708,74.206,115607,1.00380115,49.45942252,0.18761690
2016,7,21,75.058,75.058,73.745,73.925,172072,0.98490501,48.12506302,0.23342855
2016,7,20,74.736,75.219,74.306,75.058,120470,1.00434882,53.40398474,0.31711646
2016,7,19,75.499,75.516,74.190,74.733,136395,0.98988039,52.00159248,0.30396006
2016,7,18,75.172,75.765,74.455,75.497,127090,1.01271647,55.65817162,0.31583738
2016,7,15,75.748,76.408,74.374,74.549,183722,0.98432714,51.74889999,0.24861407
2016,7,14,75.960,76.506,75.308,75.736,185505,0.99710359,57.65918538,0.25572012
2016,7,13,76.330,76.515,75.361,75.956,179616,0.99512630,58.81525664,0.14021227
2016,7,12,74.177,76.830,74.028,76.328,178533,1.02906757,60.72701780,-0.03165720
2016,7,11,73.366,74.347,73.287,74.172,188280,1.01133063,52.40041296,-0.28844103
2016,7,8,72.798,73.468,72.653,73.341,213907,1.00762509,48.49184516,-0.39247507
2016,7,7,72.155,73.113,71.724,72.786,234437,1.00863323,45.72810823,-0.43494071
2016,7,6,72.748,72.793,71.238,72.163,288998,0.99270906,42.51295972,-0.42630679
2016,7,5,74.075,74.163,72.458,72.693,197171,0.98121077,44.60016762,-0.34565323
2016,7,4,73.450,74.266,73.433,74.085,116128,1.00892006,50.66678170,-0.29164590
2016,7,1,73.529,73.811,73.257,73.430,190129,0.99869434,47.54949357,-0.36020170
2016,6,30,73.113,73.741,72.330,73.526,229735,1.00640587,47.96195144,-0.37577362
2016,6,29,72.331,73.277,72.207,73.058,220238,1.00999516,45.83507746,-0.39995780
2016,6,28,71.269,72.537,71.193,72.335,195251,1.01515683,42.46152997,-0.37735714
2016,6,27,71.727,72.705,71.122,71.255,242696,0.97997552,37.02067050,-0.26940709
2016,6,24,76.859,77.685,69.018,72.711,265949,0.94573573,41.99143063,-0.01774130
2016,6,23,74.697,76.942,74.691,76.883,221411,1.02916845,65.33127045,0.15548656
2016,6,22,74.542,75.234,74.403,74.704,196508,1.00222705,52.53679408,-0.05045879
2016,6,21,73.961,74.941,73.676,74.538,208190,1.00851047,51.26447388,-0.09072417
2016,6,20,73.979,74.550,73.673,73.909,219426,1.00682487,46.18910719,-0.12389600
2016,6,17,73.422,74.039,73.251,73.408,265398,1.00009537,41.69851317,-0.10038956
2016,6,16,74.460,75.044,72.303,73.401,339400,0.98571141,41.63532157,-0.01791567
2016,6,15,74.161,74.884,73.812,74.465,242981,1.00405857,49.15514370,0.08832432
2016,6,14,74.968,74.971,73.999,74.164,261229,0.98967146,46.62268389,0.11430592
2016,6,13,75.298,75.391,74.446,74.938,276258,0.99459818,52.91588126,0.17645252
2016,6,10,76.039,76.255,75.098,75.345,253676,0.99106861,56.64958247,0.17440034
2016,6,9,75.897,76.354,75.477,76.024,268779,1.01609195,63.60162500,0.12780428
2016,6,8,74.863,75.138,74.377,74.820,221806,0.99987973,54.38437502,-0.00266276
2016,6,7,74.391,75.079,74.068,74.829,220694,1.00552286,54.48013607,-0.04655832
2016,6,6,73.967,74.594,73.746,74.418,236459,1.00571660,50.80703955,-0.10282418
2016,6,3,74.060,74.713,73.875,73.995,156278,0.99939222,46.69647803,-0.13129696
2016,6,2,74.646,74.727,73.803,74.040,153175,0.99220069,47.08513772,-0.12265973
2016,6,1,74.861,75.399,74.233,74.622,245274,0.99760698,52.31429280,-0.11443316
2016,5,31,74.361,75.183,74.274,74.801,209543,1.00617417,54.02789938,-0.16152676
2016,5,30,73.849,74.515,73.849,74.342,108335,1.00812280,50.13899989,-0.23751130
2016,5,27,73.928,74.249,73.608,73.743,187490,0.99751106,44.44401353,-0.28430594
2016,5,26,74.177,74.231,73.438,73.927,222178,0.99662968,45.94071708,-0.27890847
2016,5,25,74.027,74.633,74.026,74.177,198183,1.00206690,47.97922915,-0.28669703
2016,5,24,73.836,74.191,73.271,74.024,208282,1.00261408,46.63352124,-0.31792247
2016,5,23,74.443,74.709,73.796,73.831,212083,0.99259229,44.96594093,-0.33757498
2016,5,20,74.071,74.820,74.051,74.382,195335,1.00446989,49.02724298,-0.33809763
2016,5,19,74.218,74.501,73.875,74.051,231346,0.99792467,46.32289613,-0.38994877
2016,5,18,74.249,74.581,73.729,74.205,229387,0.99956895,47.40956770,-0.41675587
2016,5,17,74.001,74.636,73.810,74.237,162120,1.00327049,47.62513526,-0.46058958
2016,5,16,73.419,74.106,73.303,73.995,131898,1.00773557,45.89765046,-0.51309602
2016,5,13,74.262,74.440,73.390,73.427,196481,0.98872940,41.70726433,-0.54801013
2016,5,12,73.888,74.708,73.773,74.264,181004,1.00530648,46.65145932,-0.52676944
2016,5,11,73.756,74.567,73.665,73.872,175588,1.00143698,43.75164889,-0.57721831
2016,5,10,73.280,73.905,72.989,73.766,184194,1.00665957,42.97332524,-0.59330079
2016,5,9,73.065,73.855,73.044,73.278,173020,1.00170875,39.38791436,-0.59440533
2016,5,6,73.799,73.957,72.530,73.153,190685,0.99127336,38.46774187,-0.53748194
2016,5,5,73.526,74.105,73.525,73.797,170588,1.00333098,41.48035715,-0.44428182
2016,5,4,73.658,74.299,73.364,73.552,176995,0.99883212,39.81530208,-0.38443319
2016,5,3,74.622,74.891,73.326,73.638,159105,0.98725013,40.18801217,-0.27750737
2016,5,2,74.036,74.801,74.036,74.589,119459,1.00687095,44.46171935,-0.14575104
2016,4,29,75.205,75.284,74.079,74.080,159891,0.98501469,41.36262092,-0.07229112
2016,4,28,76.747,77.330,74.941,75.207,207621,0.98918834,46.72299450,0.07434741
2016,4,27,76.750,76.820,75.941,76.029,161759,0.99082533,51.21848354,0.14568099
2016,4,26,76.181,76.785,76.044,76.733,167118,1.00724590,55.46233930,0.15091504
2016,4,25,76.498,76.736,76.038,76.181,148479,0.99583007,52.60299443,0.08372046
2016,4,22,75.619,76.756,75.539,76.500,154346,1.01161038,54.47989972,0.05294162
2016,4,21,76.542,76.667,75.541,75.622,144718,0.98774817,49.91236836,-0.01959342
2016,4,20,76.891,77.012,76.082,76.560,204868,0.99573405,55.42991735,-0.02249316
2016,4,19,75.538,77.119,75.538,76.888,186705,1.01789875,57.49360459,-0.12137256
2016,4,18,74.390,75.770,74.114,75.536,196918,1.00679764,50.42980365,-0.27920958
2016,4,15,74.873,75.620,74.808,75.026,157220,1.00212377,47.36601182,-0.33894759
2016,4,14,75.618,75.689,74.662,74.867,183608,0.99018635,46.40707872,-0.35833760
2016,4,13,75.135,75.735,75.026,75.609,209339,1.00654978,50.38489268,-0.36168503
2016,4,12,73.979,75.164,73.903,75.117,175455,1.01594579,47.62051099,-0.43624579
2016,4,11,73.414,74.350,73.125,73.938,172733,1.00613714,40.20749689,-0.47497249
2016,4,8,73.268,74.205,73.208,73.487,181176,1.00290690,37.04260890,-0.39744951
2016,4,7,74.879,75.090,72.873,73.274,273142,0.97919312,35.54645313,-0.24680092
2016,4,6,75.054,75.326,74.546,74.831,224894,0.99737431,42.38317477,-0.02924143
2016,4,5,76.029,76.103,74.616,75.028,214490,0.98674312,43.36303522,0.09033801
2016,4,4,76.787,77.083,75.955,76.036,161328,0.98657082,48.71402859,0.22159267
2016,4,1,77.719,77.897,76.669,77.071,194476,0.99164951,55.20972057,0.28326545
2016,3,31,77.752,78.200,77.296,77.720,206579,0.99963986,59.85708353,0.25248031
2016,3,30,77.069,78.127,76.872,77.748,254498,1.00881029,60.05961955,0.14343482
2016,3,29,76.230,77.523,76.172,77.069,195583,1.01164317,56.76546007,-0.00068410
2016,3,28,75.540,76.324,75.492,76.182,89865,1.00911331,51.95914407,-0.11548775
2016,3,25,75.584,75.870,75.426,75.494,47217,0.99859788,47.77779087,-0.17002641
2016,3,24,75.280,75.694,75.233,75.600,130823,1.00425080,48.38022103,-0.16711355
2016,3,23,75.833,75.955,75.276,75.280,149885,0.99277312,46.48881557,-0.17175767
2016,3,22,75.649,75.925,74.863,75.828,195297,1.00232644,49.36511818,-0.14260515
2016,3,21,75.648,75.773,75.122,75.652,150608,0.99936592,48.41326144,-0.15911803
2016,3,18,76.272,76.396,75.502,75.700,161259,0.99246149,48.64484220,-0.15996003
2016,3,17,75.585,76.449,75.441,76.275,214665,1.00908874,51.37861522,-0.16359530
2016,3,16,74.663,75.793,74.610,75.588,190368,1.01241612,48.14553865,-0.22440113
2016,3,15,75.955,76.064,74.425,74.661,185768,0.98394813,43.43258327,-0.22879836
2016,3,14,76.538,76.908,75.719,75.879,183499,0.98912831,48.84947242,-0.13669740
2016,3,11,75.230,77.001,75.155,76.713,204497,1.01711702,53.05683254,-0.14116930
2016,3,10,75.321,76.298,74.989,75.422,235401,1.00136752,46.42405980,-0.22974006
2016,3,9,75.938,77.020,75.268,75.319,209187,0.99187474,45.85731332,-0.20799961
2016,3,8,77.055,77.155,75.797,75.936,201992,0.98536282,48.72431555,-0.16673818
2016,3,7,77.231,77.436,76.580,77.064,182336,0.99515748,54.50970365,-0.17447012
2016,3,4,76.345,77.798,76.236,77.439,219164,1.01431640,56.58373762,-0.29665205
2016,3,3,75.719,76.729,75.535,76.346,227874,1.00922695,51.59953371,-0.48646750
2016,3,2,75.474,75.919,75.232,75.648,224901,1.00235855,48.06393481,-0.61037787
2016,3,1,74.215,75.730,73.938,75.470,253547,1.01715703,47.14973632,-0.68858526
2016,2,29,75.017,75.185,74.195,74.197,260713,0.98354940,40.15405711,-0.76026689
2016,2,26,75.929,76.599,75.266,75.438,240653,0.99357269,45.62045207,-0.71108575
2016,2,25,74.639,75.950,74.436,75.926,264833,1.01721574,48.00682270,-0.76432604
2016,2,24,74.363,74.728,73.532,74.641,256193,1.00353599,40.38150502,-0.87084980
2016,2,23,75.550,75.856,74.375,74.378,231691,0.98443497,38.67212980,-0.86330958
2016,2,22,74.801,76.102,74.468,75.554,226804,1.01300547,43.89812841,-0.81435012
2016,2,19,75.187,75.285,74.151,74.584,267266,0.99190084,37.42104923,-0.85975313
2016,2,18,75.616,75.989,75.035,75.193,223379,0.99462956,40.12152419,-0.80643474
2016,2,17,74.952,75.890,74.438,75.599,276159,1.00863219,41.99770103,-0.78865840
2016,2,16,76.139,76.524,74.369,74.952,259800,0.98521235,37.68571307,-0.79583611
2016,2,15,74.946,76.343,74.928,76.077,249807,1.01576853,42.82621576,-0.72754532
2016,2,12,75.470,75.892,74.503,74.896,328249,0.99232859,34.05817621,-0.74434441
2016,2,11,75.721,76.061,73.185,75.475,389539,0.99634333,36.61441641,-0.63471207
2016,2,10,76.341,76.760,75.490,75.752,325567,0.99221963,37.87733757,-0.54450188
2016,2,9,76.716,76.825,75.101,76.346,331505,0.99512513,40.67070328,-0.44964449
2016,2,8,77.260,78.034,76.245,76.720,235187,0.99217588,42.50332017,-0.38251168
2016,2,5,78.477,78.777,77.266,77.325,229107,0.98538332,45.58898700,-0.32934199
2016,2,4,78.503,79.193,78.301,78.472,257271,0.99963058,52.26928956,-0.31828771
2016,2,3,78.109,79.218,77.941,78.501,270299,1.00501863,52.44972811,-0.41633424
2016,2,2,79.133,79.226,77.610,78.109,191038,0.98703481,50.29606956,-0.53837422
2016,2,1,78.663,79.371,78.109,79.135,193724,1.00909184,56.51738972,-0.64639800
2016,1,29,76.929,79.072,76.728,78.422,309529,1.01940751,52.74559273,-0.87933891
2016,1,28,76.232,77.448,76.003,76.929,298652,1.00844203,43.15858236,-1.09126948
2016,1,27,76.912,77.656,76.033,76.285,459700,0.99187362,38.13104843,-1.19388240
2016,1,26,76.337,77.147,75.727,76.910,380040,1.00750619,41.43362179,-1.24191732
2016,1,25,76.970,77.560,76.296,76.337,375417,0.99191777,36.77158214,-1.34879946
2016,1,22,76.761,77.351,76.498,76.959,409150,1.00212251,39.97944212,-1.40725921
2016,1,21,75.133,77.214,74.758,76.796,593981,1.02191646,38.67767213,-1.52473680
2016,1,20,75.343,75.477,73.629,75.149,567141,0.99712072,23.01066192,-1.63590658
2016,1,19,75.669,76.899,75.198,75.366,427623,0.99645662,23.75311589,-1.58631008
2016,1,18,74.768,76.079,74.728,75.634,335961,1.00238556,24.66581203,-1.52202786
2016,1,15,76.399,76.737,74.588,75.454,497697,0.98769537,22.81618181,-1.44512906
2016,1,14,76.601,76.884,75.476,76.394,485032,0.99727165,25.89979419,-1.30763089
2016,1,13,76.831,77.946,76.593,76.603,409789,0.99707138,26.64321936,-1.20882223
2016,1,12,77.184,77.460,76.450,76.828,440657,0.99514268,27.43030714,-1.08640359
2016,1,11,76.791,77.617,76.071,77.203,397035,1.00697814,28.74448791,-0.93725974
2016,1,8,77.896,79.143,76.633,76.668,422709,0.98439968,23.91547218,-0.77144691
2016,1,7,78.595,79.001,77.451,77.883,454102,0.99090308,27.90326933,-0.49411566
2016,1,6,79.782,79.898,78.449,78.598,390334,0.98518426,30.70061583,-0.25666210
2016,1,5,80.573,80.805,79.413,79.780,319052,0.99015799,36.28454054,-0.02265174
2016,1,4,82.025,82.234,80.107,80.573,325261,0.98189108,40.92128013,0.15601096
2016,1,1,82.059,82.059,82.059,82.059,1,1.00025598,52.62223504,0.30103847
2015,12,31,82.401,82.653,81.964,82.038,170291,0.99564305,52.44379385,0.33046575
2015,12,30,82.671,82.796,82.330,82.397,170377,0.99650485,55.77866546,0.36535707
2015,12,29,82.314,82.861,82.314,82.686,150582,1.00451928,58.56236485,0.36802407
2015,12,28,82.062,82.453,81.969,82.314,129161,1.00507949,55.93379013,0.33664959
2015,12,25,81.913,81.915,81.898,81.898,9,0.99984129,52.82644358,0.32958400
2015,12,24,82.087,82.283,81.911,81.911,99684,0.99791672,52.93475900,0.35812814
2015,12,23,82.341,82.593,81.744,82.082,191273,0.99667298,54.29452125,0.38802808
2015,12,22,81.830,82.780,81.822,82.356,217291,1.00615745,56.45212714,0.40313632
2015,12,21,81.481,82.157,81.462,81.852,241246,1.00519471,53.28106826,0.38865794
2015,12,18,82.068,82.572,81.144,81.429,390486,0.99215333,50.47027830,0.41584142
2015,12,17,83.006,83.098,82.057,82.073,335638,0.98870029,55.16204803,0.48755792
2015,12,16,82.240,83.077,81.892,83.011,375715,1.00935045,63.09486205,0.50643158
2015,12,15,81.747,82.483,81.709,82.242,373213,1.00639998,58.55787283,0.42764951
2015,12,14,81.350,81.886,80.908,81.719,373519,1.00677599,55.06958763,0.39917277
2015,12,11,81.966,82.648,80.979,81.169,382247,0.98969688,51.04578820,0.41027085
2015,12,10,81.534,82.369,81.532,82.014,322350,1.00573909,58.52284515,0.47446846
2015,12,9,81.657,82.007,79.594,81.546,402206,0.99914233,55.14376870,0.46347023
2015,12,8,81.906,82.023,81.254,81.616,316608,0.99645936,55.77486420,0.49034201
2015,12,7,82.992,83.056,81.732,81.906,297462,0.98714040,58.34352390,0.51038066
2015,12,4,81.921,83.360,81.594,82.973,385232,1.01261914,69.23764137,0.49900627
2015,12,3,81.771,82.287,81.383,81.939,421283,1.00199325,63.02495303,0.36859014
2015,12,2,81.979,82.152,81.672,81.776,320331,0.99787675,61.89857670,0.30205042
2015,12,1,80.993,82.131,80.975,81.950,340276,1.01196577,63.82587309,0.22932444
2015,11,30,80.237,81.252,79.968,80.981,242870,1.01112498,56.88362877,0.11544766
2015,11,27,80.494,80.681,79.965,80.090,211758,0.99498099,48.43407226,0.06708206
2015,11,26,80.664,80.852,80.444,80.494,214640,0.99779353,52.78979979,0.09509422
2015,11,25,80.280,80.768,80.246,80.672,308542,1.00498306,54.80628017,0.08833019
2015,11,24,80.017,80.349,79.663,80.272,275450,1.00309907,50.89200362,0.06028839
2015,11,23,80.529,80.606,79.961,80.024,247448,0.99548434,48.31481317,0.06434721
2015,11,20,80.608,81.160,80.387,80.387,274502,0.99720885,52.02574400,0.09384269
2015,11,19,79.951,80.839,79.878,80.612,326066,1.00841892,54.43203609,0.09316466
2015,11,18,79.787,79.986,79.429,79.939,257851,1.00162889,47.71540216,0.06803504
2015,11,17,79.931,80.056,79.537,79.809,269666,0.99853615,46.29554057,0.10349454
2015,11,16,79.990,80.321,79.601,79.926,268517,0.99851334,47.37061641,0.16048474
2015,11,13,80.150,80.356,79.826,80.045,264913,0.99868996,48.43284087,0.21897791
2015,11,12,80.517,80.779,79.910,80.150,339147,0.99568928,49.33932057,0.27833497
2015,11,11,80.341,80.939,80.314,80.497,246135,1.00194172,52.34577971,0.33935674
2015,11,10,80.422,80.698,80.113,80.341,242379,0.99917918,51.10194061,0.37697571
2015,11,9,80.323,81.058,80.314,80.407,255649,1.00246855,51.63137381,0.43539154
2015,11,6,80.435,80.744,79.939,80.209,319163,0.99707871,50.19392404,0.49689842
2015,11,5,80.071,80.822,79.968,80.444,319276,1.00465837,51.89357807,0.58833595
2015,11,4,80.626,80.803,79.888,80.071,346310,0.99303015,49.36659214,0.67255860
2015,11,3,81.394,81.857,80.512,80.633,283068,0.99071128,53.28244840,0.80825284
2015,11,2,81.032,81.725,80.999,81.389,268927,0.99707208,59.14238959,0.91246981
2015,10,30,81.032,81.938,80.912,81.628,374156,1.00737998,61.11550229,0.95524173
2015,10,29,81.104,81.234,80.294,81.030,326793,0.99935867,57.84821279,0.97160528
2015,10,28,81.437,81.625,80.211,81.082,341650,0.99568971,58.24337475,1.03924595
2015,10,27,82.136,82.170,81.286,81.433,289260,0.99144102,60.84866008,1.10516920
2015,10,26,81.848,82.257,81.685,82.136,266370,1.00576746,66.36999473,1.13749786
2015,10,23,81.936,82.672,81.480,81.665,343678,0.99663172,64.35795494,1.09063738
2015,10,22,80.362,82.053,80.335,81.941,320102,1.01971204,66.52360817,1.06291892
2015,10,21,80.853,81.032,80.246,80.357,284585,0.99377937,59.20856121,0.98397763
2015,10,20,81.123,81.878,80.740,80.860,240578,0.99677030,63.28626892,1.03018743
2015,10,19,81.135,81.451,80.816,81.122,244775,1.00082660,65.46700278,1.02296885
2015,10,16,81.401,81.897,80.717,81.055,303415,0.99576167,65.18210801,0.97219940
2015,10,15,80.637,81.582,80.580,81.400,374861,1.00985038,67.85891286,0.90007987
2015,10,14,79.468,80.986,79.232,80.606,325465,1.01429470,64.76678607,0.75980977
2015,10,13,80.588,80.603,79.228,79.470,270308,0.98615144,59.60367139,0.65056598
2015,10,12,80.241,80.982,80.155,80.586,188022,1.00496334,68.80084692,0.61733386
2015,10,9,79.925,80.834,79.774,80.188,299559,1.00319017,67.12073686,0.45230909
2015,10,8,79.276,80.216,78.886,79.933,315560,1.00832566,66.03248057,0.27562207
2015,10,7,78.611,79.797,78.568,79.273,367194,1.00825448,63.09692182,0.07205977
2015,10,6,78.138,78.800,77.929,78.624,324860,1.00630992,59.93533955,-0.12160789
2015,10,5,77.449,78.535,77.186,78.131,341561,1.01569081,57.35847140,-0.30094940
2015,10,2,76.675,77.403,76.148,76.924,361373,1.00322130,50.05560895,-0.47528058
2015,10,1,76.633,77.418,76.461,76.677,348412,1.00066557,48.37556490,-0.56798284
2015,9,30,75.942,76.941,75.869,76.626,314789,1.00916634,48.04045456,-0.65289398
2015,9,29,75.811,76.799,75.167,75.930,373366,1.00134515,43.38317383,-0.74658209
2015,9,28,76.613,77.031,75.753,75.828,340334,0.98940501,42.68405862,-0.78443737
2015,9,25,76.264,77.192,75.713,76.640,342078,1.00508839,46.97161560,-0.81095901
2015,9,24,75.389,76.495,74.936,76.252,377271,1.01127291,44.49793065,-0.91569086
2015,9,23,75.566,75.763,74.861,75.402,298249,0.99779010,38.67893260,-0.99654220
2015,9,22,76.101,76.281,75.219,75.569,271861,0.99302234,39.43317978,-0.99869730
2015,9,21,76.741,76.794,75.882,76.100,249645,0.99305773,41.84223914,-1.00392511
2015,9,18,76.115,77.067,75.945,76.632,336173,1.00664687,44.36366096,-1.05006061
2015,9,17,76.682,77.500,76.049,76.126,260279,0.99277517,41.23617896,-1.14783995
2015,9,16,76.461,76.854,76.236,76.680,248464,1.00248398,43.73563971,-1.20442609
2015,9,15,76.061,76.693,75.318,76.490,256376,1.00567988,42.62818585,-1.31553893
2015,9,14,75.993,76.549,75.672,76.058,217772,0.99880497,40.14064781,-1.41887875
2015,9,11,75.835,76.393,75.665,76.149,243589,1.00460422,40.48399020,-1.48615424
2015,9,10,76.822,76.856,75.109,75.800,365622,0.98617020,38.61412257,-1.55967090
2015,9,9,75.956,77.807,75.917,76.863,335870,1.01199442,42.37995224,-1.59528423
2015,9,8,74.602,76.173,74.505,75.952,295799,1.01790501,37.53182814,-1.72576838
2015,9,7,74.908,75.080,74.435,74.616,210513,1.00093902,29.44808892,-1.77445515
2015,9,4,76.785,76.863,74.540,74.546,277908,0.97070160,29.00108420,-1.67475783
2015,9,3,76.755,77.053,76.160,76.796,248352,1.00565712,35.76429251,-1.51602040
2015,9,2,75.544,76.590,75.419,76.364,315238,1.01114907,32.97769372,-1.52045343
2015,9,1,76.819,77.216,75.453,75.522,314529,0.98310336,27.26722509,-1.46001045
2015,8,31,78.561,78.589,76.589,76.820,245928,0.97888553,31.05477820,-1.27589579
2015,8,28,78.222,78.857,77.732,78.477,277122,1.00317018,37.17609220,-1.15450006
2015,8,27,77.155,78.494,77.082,78.229,376778,1.01397260,35.40659913,-1.15147496
2015,8,26,76.886,77.955,76.285,77.151,450498,1.00347276,27.12132713,-1.10561420
2015,8,25,76.699,78.786,76.135,76.884,487750,1.00187647,24.90603254,-0.92123753
2015,8,24,81.133,81.539,70.211,76.740,541798,0.94290243,23.74521305,-0.64532058
2015,8,21,81.743,81.959,81.254,81.387,341215,0.99581544,44.23620651,-0.26910192
2015,8,20,81.680,82.048,81.482,81.729,270830,1.00079594,47.00845172,-0.25814499
2015,8,19,82.070,82.084,81.382,81.664,267092,0.99500451,46.41580892,-0.27522693
2015,8,18,81.695,82.174,81.591,82.074,221988,1.00457772,49.66938529,-0.28640823
2015,8,17,81.142,81.851,81.140,81.700,190279,1.00617003,46.49241236,-0.33825914
2015,8,14,81.709,81.780,81.086,81.199,205986,0.99381915,41.93319098,-0.36143963
2015,8,13,82.179,82.501,81.514,81.704,218051,0.99426833,45.56729656,-0.33475814
2015,8,12,81.725,82.340,80.968,82.175,345480,1.00546936,49.26491610,-0.34725184
2015,8,11,82.413,82.636,81.442,81.728,289637,0.99117105,45.35738574,-0.40610377
2015,8,10,82.104,82.513,81.796,82.456,223396,1.00459314,51.33685145,-0.42980054
2015,8,7,81.688,82.395,81.467,82.079,247199,1.00472501,48.04316430,-0.52791823
2015,8,6,81.256,81.754,81.211,81.693,209755,1.00531620,44.46984084,-0.60708782
2015,8,5,81.286,81.579,81.022,81.261,283920,0.99981544,40.19543525,-0.66000482
2015,8,4,81.335,81.984,81.095,81.276,288487,0.99925003,40.29544113,-0.67396062
2015,8,3,81.785,82.015,81.298,81.337,245715,0.99875979,40.67761252,-0.68349751
2015,7,31,81.919,82.454,81.188,81.438,291890,0.99411621,41.27953970,-0.69193918
2015,7,30,82.561,82.639,81.688,81.920,257706,0.99227210,44.17634467,-0.70293288
2015,7,29,82.648,83.268,82.250,82.558,260777,0.99886270,48.34635473,-0.75581673
2015,7,28,81.361,82.851,81.300,82.652,256295,1.01590501,48.97888116,-0.87728205
2015,7,27,81.255,81.767,81.216,81.358,230412,1.00071341,38.73260386,-1.02912641
2015,7,24,81.832,82.066,81.154,81.300,194911,0.99346245,38.21618766,-1.07621320
2015,7,23,81.229,82.854,81.140,81.835,215894,1.00746039,41.18992456,-1.11475359
2015,7,22,82.029,82.176,81.229,81.229,219398,0.99038016,35.94758893,-1.20220328
2015,7,21,81.559,82.502,81.421,82.018,265195,1.00549222,40.28954185,-1.23463247
2015,7,20,80.781,81.907,80.700,81.570,189619,1.01136969,36.22829189,-1.33840017
2015,7,17,80.808,81.303,80.505,80.653,176157,0.99783491,26.76018396,-1.40576329
2015,7,16,81.499,81.732,80.440,80.828,250403,0.99160860,27.48326591,-1.37792840
2015,7,15,82.790,82.969,81.505,81.512,262146,0.98459903,30.47158401,-1.34017655
2015,7,14,82.571,82.910,82.245,82.787,235319,1.00266450,37.53599220,-1.34214161
2015,7,13,81.810,83.011,81.800,82.567,278040,1.00135832,35.12620974,-1.45494587
2015,7,10,81.765,82.791,81.686,82.455,277025,1.00840182,33.92111452,-1.55536227
2015,7,9,81.182,81.997,80.778,81.768,295616,1.00726798,26.10237789,-1.64950303
2015,7,8,81.440,81.689,80.660,81.178,350871,0.99678291,18.40294084,-1.67571900
2015,7,7,81.926,81.975,81.019,81.440,277646,0.99409209,19.22907682,-1.62473330
2015,7,6,81.215,82.424,81.032,81.924,208865,1.00035411,20.83336795,-1.56270089
2015,7,3,82.680,82.814,81.867,81.895,167455,0.99050556,20.46417321,-1.51007477
2015,7,2,82.896,82.964,81.434,82.680,207079,0.99723794,23.18149979,-1.41798726
2015,7,1,82.825,83.522,82.802,82.909,270712,1.00101419,24.04642652,-1.35975211
2015,6,30,83.913,83.959,82.492,82.825,338146,0.98711654,23.06873971,-1.28896104
2015,6,29,83.712,84.529,82.822,83.906,316758,0.99187876,27.26221867,-1.17130463
2015,6,26,85.088,85.110,84.504,84.593,205027,0.99115386,30.53819135,-1.11416057
2015,6,25,85.292,85.670,85.128,85.348,234901,1.00065657,34.80637839,-1.09496709
2015,6,24,84.892,85.521,84.825,85.292,294913,1.00471187,34.17270933,-1.13141517
2015,6,23,84.622,84.948,84.551,84.892,254132,1.00319066,29.63651090,-1.15577740
2015,6,22,84.872,85.113,84.619,84.622,253790,0.99995273,26.46016490,-1.12933388
2015,6,19,85.146,85.315,84.513,84.626,292045,0.99389284,26.47660689,-1.05166475
2015,6,18,86.191,86.272,84.706,85.146,370832,0.98788723,28.62367501,-0.93764103
2015,6,17,86.153,86.433,85.142,86.190,379157,1.00042947,33.72174796,-0.83141234
2015,6,16,86.352,86.568,86.069,86.153,292764,0.99771859,33.33097790,-0.79003082
2015,6,15,86.140,86.484,85.971,86.350,305781,1.00404642,34.33172817,-0.72195432
2015,6,12,86.503,86.777,85.886,86.002,417875,0.99420829,30.93003422,-0.64462097
2015,6,11,87.935,87.935,86.254,86.503,489349,0.98740954,33.23126585,-0.50110647
2015,6,10,88.650,88.998,87.606,87.606,568890,0.98823450,39.19249713,-0.36165187
2015,6,9,88.902,88.996,88.275,88.649,502546,0.99716539,46.51993809,-0.29070215
2015,6,8,88.427,89.096,88.323,88.901,404842,1.00561054,48.55665027,-0.30211247
2015,6,5,88.619,89.179,88.292,88.405,467503,0.99752889,44.08222939,-0.33794001
2015,6,4,88.821,89.071,88.381,88.624,485975,0.99765850,45.71234672,-0.32825168
2015,6,3,89.097,89.159,88.668,88.832,514529,0.99703690,47.25341930,-0.33340945
2015,6,2,88.410,89.264,88.303,89.096,571995,1.00775930,49.20859808,-0.35632123
2015,6,1,87.846,88.642,87.791,88.410,418534,1.00440799,43.57536819,-0.40726214
2015,5,29,88.925,89.035,87.860,88.022,495220,0.98987877,40.08538808,-0.39651018
2015,5,28,89.819,89.930,88.626,88.922,553774,0.99020066,46.24650148,-0.33751390
2015,5,27,88.937,89.809,88.901,89.802,529949,1.00973734,53.74685324,-0.34894026
2015,5,26,88.797,89.616,88.773,88.936,502119,1.00147514,45.69941195,-0.44804895
2015,5,25,88.759,88.912,88.700,88.805,169985,1.00247217,44.33910975,-0.47985606
2015,5,22,88.889,89.384,88.586,88.586,442782,0.99643432,42.08697025,-0.50013559
2015,5,21,88.610,88.904,88.273,88.903,408564,1.00331795,44.50749045,-0.49644677
2015,5,20,88.572,89.103,88.336,88.609,461632,1.00032739,41.61574419,-0.51679381
2015,5,19,88.673,89.200,88.280,88.580,256766,0.99955991,41.33573944,-0.50531248
2015,5,18,88.807,89.110,88.409,88.619,121522,0.99350882,41.58478917,-0.48035541
2015,5,15,89.284,89.415,88.944,89.198,195500,0.99902559,45.35167992,-0.44548503
2015,5,14,89.114,90.098,89.075,89.285,280141,1.00189640,45.93220613,-0.45345070
2015,5,13,88.218,89.513,87.702,89.116,421336,1.01017933,44.65431159,-0.46588031
2015,5,12,88.030,88.723,88.005,88.218,356057,1.00221533,37.34803687,-0.45776131
2015,5,11,89.399,89.399,88.020,88.023,297204,0.98328846,35.63472094,-0.34930744
2015,5,8,89.142,89.744,88.355,89.519,385616,1.00419541,44.25638271,-0.18594548
2015,5,7,89.501,89.948,88.765,89.145,396429,0.99572201,40.93917672,-0.12705155
2015,5,6,90.558,90.685,89.394,89.528,398307,0.98860424,43.39477441,-0.01195346
2015,5,5,90.462,90.771,90.166,90.560,344366,1.00122721,51.05730539,0.09613106
2015,5,4,90.282,90.704,90.203,90.449,211573,1.00073023,50.17866993,0.12761158
2015,5,1,90.842,91.042,90.228,90.383,291283,0.99476111,49.67990191,0.17723782
2015,4,30,91.294,91.299,89.781,90.859,404488,0.99417886,53.25000952,0.24472094
2015,4,29,91.695,92.049,91.020,91.391,367592,0.99667379,57.54143163,0.27882891
2015,4,28,90.951,91.969,90.706,91.696,265529,1.00801390,60.12077798,0.26414012
2015,4,27,90.227,91.198,90.134,90.967,76579,1.00845860,55.71493190,0.21049530
2015,4,24,90.275,90.590,90.120,90.204,56294,0.99468496,50.38793734,0.21318870
2015,4,23,91.862,91.872,90.420,90.686,95946,0.98758522,0.00000000,0.29121281
2015,4,22,91.782,92.397,91.638,91.826,88780,1.00142865,0.00000000,0.33748776
2015,4,21,91.236,92.106,91.163,91.695,85238,1.00405146,0.00000000,0.27556978
2015,4,20,91.651,91.785,91.181,91.325,69766,1.00182099,0.00000000,0.20586982
2015,4,17,91.264,91.811,91.001,91.159,76167,0.99907938,0.00000000,0.15158558
2015,4,16,90.441,91.516,90.233,91.243,89628,1.00872267,0.00000000,0.09699609
2015,4,15,89.758,90.535,89.473,90.454,85698,1.00778787,0.00000000,0.01735647
2015,4,14,89.547,90.010,89.008,89.755,93165,1.00269232,0.00000000,-0.00421056
2015,4,13,90.585,90.605,89.097,89.514,65639,0.98855881,0.00000000,0.03949423
2015,4,10,91.170,91.509,90.358,90.550,63686,0.99330847,0.00000000,0.11924115
2015,4,9,90.701,91.271,90.548,91.160,76699,1.00485009,0.00000000,0.11380916
2015,4,8,90.086,91.069,90.038,90.720,87944,1.00672482,0.00000000,0.04311147
2015,4,7,90.017,90.527,89.866,90.114,72647,0.99958958,0.00000000,-0.00295157
